Country;City;Latitude;Longitude;Time_zone;Elevation
INDONESIA;Pelabuhan Ratu;-7.029;106.558;7;52
INDONESIA;Balai Rukyat Condro Dipo;-7.17;112.617;7;120
AFGHANISTAN;Kabul;34.529;69.172;4;1800
AFGHANISTAN;Kandahar;31.5;65.850;4;0
AFGHANISTAN;Mazar-i-sharif;36.7;67.217;4;0
ALBANIA;Tirana;41.33;19.820;1;120
ALGERIA;In Amenas;28.05;9.633;1;131
ALGERIA;Beni Isguen;32.472;3.697;1;0
ALGERIA;Hassi Messaoud;31.667;6.150;1;0
ALGERIA;Algiers;36.763;3.051;1;488
ALGERIA;Annaba;36.817;7.817;1;0
ALGERIA;Bechar;31.65;-2.267;1;0
ALGERIA;Biskra;34.8;5.733;1;0
ALGERIA;Constantine;36.283;6.633;1;0
ALGERIA;Djanet;24.467;9.483;1;0
ALGERIA;Ghardaia;32.383;3.800;1;0
ALGERIA;Oran;35.55;-0.533;1;0
ALGERIA;Tamanrasset;22.817;5.467;1;0
ALGERIA;Tilimsen;35.017;-1.467;1;0
ANGOLA;Huambo;-12.8;15.750;1;0
ANGOLA;Luanda;-8.85;13.233;1;0
ARGENTINA;Bahia Blanca;-38.733;-62.150;-3;0
ARGENTINA;Mar Del Plata;-37.933;-57.567;-3;0
ARGENTINA;Santa Fe;-31.467;-60.850;-3;0
ARGENTINA;Rio Gallegos;-51.617;-69.333;-3;0
ARGENTINA;San Juan;-31.567;-68.417;-3;0
ARGENTINA;Paso Libres;-29.683;-57.150;-3;0
ARGENTINA;San Luis;-33.267;-66.367;-3;0
ARGENTINA;San Rafael;-34.583;-68.400;-3;0
ARGENTINA;La Rioja;-29.383;-66.783;-3;0
ARGENTINA;Comodoro Riva;-45.783;-67.467;-3;0
ARGENTINA;Santa Rosa;-36.567;-64.267;-3;0
ARGENTINA;Catamarca;-28.45;-65.783;-3;0
ARGENTINA;Cordoba;-31.317;-64.200;-3;0
ARGENTINA;Corrientes;-27.45;-58.767;-3;0
ARGENTINA;Iguazu;-25.75;-54.467;-3;0
ARGENTINA;Jujuy;-24.233;-65.250;-3;0
ARGENTINA;Mendoza;-32.833;-68.783;-3;0
ARGENTINA;Neuquen;-38.95;-68.150;-3;0
ARGENTINA;Parana;-31.8;-60.483;-3;0
ARGENTINA;Posadas;-27.383;-55.967;-3;0
ARGENTINA;Rosario;-32.9;-60.783;-3;0
ARGENTINA;Salta;-24.85;-65.467;-3;0
ARGENTINA;Trelew;-43.233;-65.317;-3;0
ARGENTINA;Tucuman;-26.833;-65.200;-3;0
ARGENTINA;Viedma;-40.85;-63.017;-3;0
ARUBA;Aruba;12.5;-70.017;-4;0
AUSTRALIA;Mount Isa;-20.65;139.483;10;0
AUSTRALIA;Alice Springs;-23.8;133.883;9;0
AUSTRALIA;Adelaide;-34.95;138.533;9;0
AUSTRALIA;Avalon;-38.033;144.467;10;0
AUSTRALIA;Cairns;-16.883;145.750;10;0
AUSTRALIA;Canberra;-35.317;149.200;10;0
AUSTRALIA;Cowra;-33.85;148.650;10;0
AUSTRALIA;Cunnamulla;-28.033;145.617;10;0
AUSTRALIA;Darwin;-12.417;130.867;9;0
AUSTRALIA;Dubbo;-32.217;148.583;10;0
AUSTRALIA;Geraldton;-28.8;114.700;8;0
AUSTRALIA;Hobart;-42.833;147.517;10;0
AUSTRALIA;Launceston;-41.55;147.217;10;0
AUSTRALIA;Learmonth;-22.233;114.083;8;0
AUSTRALIA;Mackay;-21.167;149.183;10;0
AUSTRALIA;Meekatharra;-26.617;118.550;8;0
AUSTRALIA;Melbourne;-37.667;144.833;10;0
AUSTRALIA;Newcastle;-32.8;151.833;10;0
AUSTRALIA;Perth;-31.933;115.967;8;0
AUSTRALIA;Richmond;-20.7;143.117;10;0
AUSTRALIA;Sydney;-33.95;151.183;10;0
AUSTRALIA;Townsville;-19.25;146.833;10;0
AUSTRIA;Graz;47;15.433;1;0
AUSTRIA;Innsbruck;47.267;11.350;1;0
AUSTRIA;Klagenfurt;46.65;14.350;1;0
AUSTRIA;Linz;48.233;14.200;1;0
AUSTRIA;Vienna;48.117;16.567;1;0
AZERBAIJAN;Baku;40.416;49.824;4;70
BAHAMAS;Cat Cay;25.5;-79.500;-5;0
BAHAMAS;West End;26.683;-78.983;-5;0
BAHAMAS;Rock Sound;24.9;-76.183;-5;0
BAHAMAS;Freeport;26.55;-78.700;-5;0
BAHAMAS;Nassau;25.033;-77.467;-5;0
BAHRAIN;Hawar;26.661;50.742;3;10
BAHRAIN;Manamah;26.225;50.562;3;10
BANGLADESH;Chittagong;22.25;91.833;6;0
BANGLADESH;Dhaka;23.769;90.338;6;10
BARBADOS;Bridgetown;13.067;-59.500;-4;0
BELARUS;Gomel;52.425;30.961;2;150
BELARUS;Hrodna;53.679;23.837;2;150
BELARUS;Magilev;53.911;30.342;2;200
BELARUS;Minsk;53.902;27.469;2;250
BELARUS;Vicebsk;55.188;30.204;2;200
BELGIUM;La Louviere;50.478;4.188;1;50
BELGIUM;Aalst;50.938;4.041;1;50
BELGIUM;Antwerp;51.221;4.400;1;50
BELGIUM;Bruges;51.209;3.225;1;50
BELGIUM;Brussels;50.846;4.355;1;150
BELGIUM;Charleroi;50.411;4.444;1;100
BELGIUM;Genk;50.964;5.500;1;50
BELGIUM;Gent;51.054;3.721;1;50
BELGIUM;Hasselt;50.93;5.330;1;50
BELGIUM;Kortrijk;50.828;3.265;1;150
BELGIUM;Leuven;50.879;4.702;1;50
BELGIUM;Liege;50.641;5.572;1;100
BELGIUM;Mechelen;51.029;4.478;1;50
BELGIUM;Mons;50.453;3.949;1;50
BELGIUM;Namur;50.464;4.861;1;100
BELGIUM;Oostende;51.226;2.913;1;50
BELGIUM;Roeselare;50.945;3.124;1;50
BELGIUM;Saint-Nicolas;51.164;4.139;1;50
BELGIUM;Seraing;50.599;5.512;1;150
BELGIUM;Tournai;50.606;3.388;1;50
BENIN;Porto Novo;6.497;2.606;1;0
BENIN;Cotonou;6.35;2.383;1;30
BERMUDA;Hamilton;32.367;-64.683;-4;0
BOLIVIA;Santa Cruz;-17.8;-63.167;-4;0
BOLIVIA;La Paz;-16.5;-68.200;-4;0
BOLIVIA;Cochabamba;-17.433;-66.167;-4;0
BOLIVIA;Trinidad;-14.683;-64.833;-4;0
BOSNIA;Sarajevo;43.867;18.433;1;0
BOTSWANA;Francistown;-21.167;27.483;2;0
BRAZIL;Porto Alegre;-30;-51.167;-3;0
BRAZIL;Rio Branco;-21.183;-57.183;-3;0
BRAZIL;Montes Claros;-16.7;-43.817;-3;0
BRAZIL;Rio De Janeiro;-22.8;-43.250;-3;0
BRAZIL;Cruzeiro Do Sul;-7.583;-72.783;-3;0
BRAZIL;Iguassu Falls;-25.517;-54.583;-3;0
BRAZIL;Campo Grande;-20.467;-54.667;-3;0
BRAZIL;Belo Horizonte;-19.75;-43.967;-3;0
BRAZIL;Sao Jose D;-23.233;-45.867;-3;0
BRAZIL;Sao Luiz;-2.583;-44.233;-3;0
BRAZIL;Santa Maria;-29.717;-53.683;-3;0
BRAZIL;Sao Paulo;-23;-47.133;-3;0
BRAZIL;Ponta Pora;-22.533;-55.700;-3;0
BRAZIL;Porto Velho;-8.733;-63.900;-3;0
BRAZIL;Boa Vista;2.833;-60.667;-3;0
BRAZIL;Aracatuba;-21.15;-50.433;-3;0
BRAZIL;Belem;-1.383;-48.483;-3;0
BRAZIL;Brasilia;-15.867;-47.917;-3;0
BRAZIL;Crisciuma;-28.717;-49.417;-3;0
BRAZIL;Cuiaba;-15.65;-56.117;-3;0
BRAZIL;Curitiba;-25.533;-49.183;-3;0
BRAZIL;Florianopolis;-27.667;-48.550;-3;0
BRAZIL;Fortaleza;-3.783;-38.533;-3;0
BRAZIL;Goiania;-16.633;-49.217;-3;0
BRAZIL;Ipatinga;-79.5;-42.533;-3;0
BRAZIL;Londrina;-23.333;-51.133;-3;0
BRAZIL;Macapa;0.05;-51.067;-3;0
BRAZIL;Manaus;-3.033;-60.050;-3;0
BRAZIL;Natal;-5.917;-35.250;-3;0
BRAZIL;Parnaiba;-2.9;-41.733;-3;0
BRAZIL;Pelotas;-31.717;-52.317;-3;0
BRAZIL;Recife;-8.133;-34.917;-3;0
BRAZIL;Salvador;-12.917;-38.333;-3;0
BRAZIL;Santarem;-2.45;-54.700;-3;0
BRAZIL;Tabatinga;-4.233;-69.933;-3;0
BRAZIL;Teresina;-5.067;-42.817;-3;0
BRAZIL;Tucurui;-3.767;-49.717;-3;0
Brunei;Bandar Seri Begawa;4.941;114.949;8;13
BULGARIA;Bourgas;42.417;27.283;2;0
BULGARIA;Sofia;42.7;23.400;2;0
BULGARIA;Varna;43.233;27.833;2;0
BURKINA FASO;Bobo Dioulasso;11.167;-4.333;0;0
BURKINA FASO;Ouagadougou;12.365;-1.534;0;300
BURUNDI;Bujumbura;-3.333;29.317;2;0
CAMBODIA;Phnom;11.55;104.850;7;0
CAMBODIA;Siem;13.417;103.817;7;0
CAMEROON;Douala;4.017;9.717;1;0
CAMEROON;Garoua;9.333;13.383;1;0
CAMEROON;Maroua;10.45;14.250;1;0
CAMEROON;Ngaoundere;7.35;13.567;1;0
CAMEROON;Yaounde;3.867;11.517;1;730
CANADA;Prince;53.217;-105.683;-6;0
CANADA;Frobisher;63.75;-68.567;-5;0
CANADA;Goose;53.317;-60.417;-4;0
CANADA;Gore;45.883;-82.567;-5;0
CANADA;North;46.367;-79.417;-5;0
CANADA;Thunder;48.367;-89.333;-5;0
CANADA;Baie;49.2;-68.267;-5;0
CANADA;Flin;54.683;-101.683;-6;0
CANADA;Prince;53.9;-122.683;-8;0
CANADA;La;53.633;-77.700;-5;0
CANADA;Port;50.683;-127.367;-8;0
CANADA;Medicine;50.017;-110.717;-7;0
CANADA;Saint;45.317;-65.883;-4;0
CANADA;St;47.617;-52.750;-3;0
CANADA;Mont;48.6;-68.200;-5;0
CANADA;Lac Ronge;55.15;-105.267;-6;0
CANADA;Cold;54.45;-110.167;-7;0
CANADA;Deer;49.217;-57.400;-3;0
CANADA;Watson;60.117;-128.833;-8;0
CANADA;Williams;52.183;-122.050;-8;0
CANADA;High;58.617;-117.167;-7;0
CANADA;Fort;56.65;-111.217;-7;0
CANADA;Fort;58.833;-122.583;-7;0
CANADA;The;53.967;-101.100;-6;0
CANADA;Grande;55.183;-118.883;-7;0
CANADA;Campbell;49.95;-125.267;-8;0
CANADA;Hay;60.85;-115.783;-7;0
CANADA;Prince;54.283;-130.433;-8;0
CANADA;Fort;61.75;-121.233;-7;0
CANADA;Fort;60.017;-111.967;-7;0
CANADA;Fort John;56.233;-120.733;-7;0
CANADA;Abbotsford;49.017;-122.367;-8;0
CANADA;Brandon;49.9;-99.950;-6;0
CANADA;Calgary;51.117;-114.017;-7;0
CANADA;Castlegar;49.3;-117.633;-8;0
CANADA;Charlo;47.983;-66.333;-4;0
CANADA;Charlottetown;46.283;-63.133;-4;0
CANADA;Chatham;47.017;-65.450;-4;0
CANADA;Churchill;58.75;-94.067;-6;0
CANADA;Comox;49.717;-124.900;-8;0
CANADA;Cranbrook;49.533;-115.767;-7;0
CANADA;Dauphin;51.1;-100.050;-6;0
CANADA;Dryden;49.833;-92.733;-6;0
CANADA;Earlton;47.7;-79.850;-5;0
CANADA;Edmonton;53.567;-113.517;-7;0
CANADA;Fredericton;45.867;-66.533;-4;0
CANADA;Gagnon;51.95;-68.133;-5;0
CANADA;Gander;48.95;-54.567;-3;0
CANADA;Gatineau;45.45;-75.667;-5;0
CANADA;Halifax;44.883;-63.517;-4;0
CANADA;Hamilton;43.167;-79.933;-5;0
CANADA;Inuvik;68.3;-133.483;-7;0
CANADA;Kamloops;50.7;-120.433;-8;0
CANADA;Kelowna;49.967;-119.383;-8;0
CANADA;Kenora;49.783;-94.367;-6;0
CANADA;Kingston;44.217;-76.600;-5;0
CANADA;Kuujjuaq;58.1;-68.400;-5;0
CANADA;Lethbridge;49.633;-112.800;-7;0
CANADA;Lloydminster;53.3;-110.083;-7;0
CANADA;London;43.033;-81.150;-5;0
CANADA;Matane;48.85;-67.467;-5;0
CANADA;Moncton;46.117;-64.683;-4;0
CANADA;Montreal;45.467;-73.750;-5;0
CANADA;Muskoka;44.967;-79.300;-5;0
CANADA;Nanaimo;49.05;-123.867;-8;0
CANADA;Ottawa;45.317;-75.667;-5;0
CANADA;Penticton;49.467;-119.600;-8;0
CANADA;Quesnel;53.033;-122.517;-8;0
CANADA;Regina;50.433;-103.650;-6;0
CANADA;Roberval;48.517;-72.267;-5;0
CANADA;Rouyn;48.2;-78.833;-5;0
CANADA;Saguenay;48.317;-70.983;-5;0
CANADA;Sandspit;53.25;-131.817;-8;0
CANADA;Sarnia;43;-82.317;-5;0
CANADA;Saskatoon;52.167;-106.683;-6;0
CANADA;Sept-iles;50.217;-66.283;-5;0
CANADA;Sherbrooke;45.433;-71.700;-5;0
CANADA;Smithers;54.833;-127.183;-8;0
CANADA;Stephenville;48.533;-58.550;-3;0
CANADA;Sudbury;46.633;-80.800;-5;0
CANADA;Sydney;46.167;-60.050;-4;0
CANADA;Terrace;54.467;-128.567;-8;0
CANADA;Timmins;48.567;-81.367;-5;0
CANADA;Toronto;43.683;-79.633;-5;0
CANADA;Trenton;44.117;-77.533;-5;0
CANADA;Victoria;48.65;-123.417;-8;0
CANADA;Wabush;52.917;-66.883;-4;0
CANADA;Whitehorse;60.717;-135.067;-8;0
CANADA;Windsor;42.267;-82.967;-5;0
CANADA;Winnipeg;49.9;-97.233;-6;0
CANADA;Yarmouth;43.833;-66.083;-4;0
CANADA;Yellowknife;62.467;-114.450;-7;0
CANADA;Yorkton;51.267;-102.467;-6;0
CAPE;VERDE;16.75;-22.950;-1;0
CENTRAL;AFERICA;4.4;18.517;1;0
CHAD;N;12.111;15.036;1;0
CHILE;Punta;-53.133;-70.883;-4;0
CHILE;Easter;-27.167;-109.433;-4;0
CHILE;Puerto;-41.433;-73.083;-4;0
CHILE;Antofagasta;-23.433;-70.450;-4;0
CHILE;Arica;-18.333;-70.333;-4;0
CHILE;Balmaceda;-45.917;-71.700;-4;0
CHILE;Calama;-22.483;-68.917;-4;0
CHILE;Concepcion;-36.767;-73.067;-4;0
CHILE;Iquique;-20.233;-70.133;-4;0
CHILE;Santiago;-33.383;-70.783;-4;0
CHINA;Baoshan;31.404;121.524;8;0
CHINA;Beijing;40.067;116.600;8;0
CHINA;Guangzhou;23.117;113.233;8;0
CHINA;Hangzhou;30.333;120.000;8;0
CHINA;Harbin;46.017;126.583;8;0
CHINA;Kunming;24.983;102.733;8;0
CHINA;Lanzhou;36.017;103.750;8;0
CHINA;Nanning;22.817;108.333;8;0
CHINA;Shanghai;31.2;121.333;8;0
CHINA;Shenyang;41.8;123.450;8;0
CHINA;Taiyuan;37.833;112.550;8;0
CHINA;Tianjin;39.117;117.350;8;0
COLOMBIA;Bogota;4.7;-74.150;0;0
COLOMBIA;Bucaramanga;7.1;-73.133;-5;0
COLOMBIA;Cali;3.55;-76.383;-5;0
COLOMBIA;Cartagena;10.45;-75.517;-5;0
COLOMBIA;Medellin;6.217;-75.600;-5;0
COLOMBIA;Pereira;4.817;-75.750;-5;0
COMOROS;Moroni;-11.704;43.240;3;33
CONGO;Pointe;-4.817;11.883;1;0
CONGO;Brazzaville;-4.25;15.250;1;0
CONNECTICUT;Oxford;41.483;-73.133;-5;0
CORSICA FRA;Bastia;42.55;9.483;1;0
COSTA RICA;Liberia;10.583;-85.550;-6;0
COSTA RICA;San Jose;10;-84.217;-6;0
COTE;D'ivoire;6.9;-5.367;0;0
CUBA;Nueva;21.833;-82.783;-5;0
CUBA;Camaguey;21.417;-77.850;-5;0
CUBA;Guantanamo;19.9;-75.200;-5;0
CUBA;Havana;22.983;-82.400;-5;0
CUBA;Holguin;20.783;-76.317;-5;0
CUBA;Santiago;19.967;-75.833;-5;0
CUBA;Varadero;23.133;-81.300;-5;0
CYPRUS;Ercan;35.167;33.483;2;0
CYPRUS;Larnaca;34.883;33.633;2;0
CYPRUS;Paphos;34.717;32.483;2;0
CZECH;Budweis;48.974;14.475;1;400
CZECH;Liberec;50.767;15.056;1;400
CZECH;Olomouc;49.596;17.252;1;250
CZECH;Ostrava;49.841;18.290;1;250
CZECH;Plzen;49.748;13.378;1;350
CZECH;Prague;50.088;14.420;1;200
DENMARK;Aalborg;57.047;9.920;1;50
DENMARK;Arhus;56.158;10.205;1;50
DENMARK;Copenhagen;55.676;12.568;1;50
DENMARK;Horsens;55.861;9.850;1;50
DENMARK;Kolding;55.491;9.472;1;50
DENMARK;Odense;55.396;10.390;1;50
DENMARK;Randers;56.465;10.047;1;50
DENMARK;Roskilde;55.642;12.080;1;50
DENMARK;Vejle;55.709;9.536;1;50
DJIBOUTI;Djibouti;11.595;43.148;3;7
ECUADOR;Esmeraldas;0.967;-79.633;-5;0
ECUADOR;Guayaquil;-2.15;-79.883;-5;0
ECUADOR;Manta;-0.933;-80.717;-5;0
ECUADOR;Quito;-0.133;-78.483;-5;0
EGYPT;Kafr Dawwar;31.14;30.125;2;190
EGYPT;Shbean Koam;30.561;31.006;2;20
EGYPT;Kafr Shaikh;31.113;30.936;2;20
EGYPT;Sharm Shaikh;27.913;34.322;2;60
EGYPT;Mahla;30.971;31.158;2;110
EGYPT;Marsa;31.472;27.219;2;25
EGYPT;Port;31.268;32.269;2;40
EGYPT;Abu;22.342;31.616;2;50
EGYPT;Bani;29.075;31.095;2;10
EGYPT;Alexandria;31.204;29.877;2;10
EGYPT;Arish;31.131;33.791;2;15
EGYPT;Asut;27.188;31.177;2;35
EGYPT;Aswan;24.086;32.898;2;100
EGYPT;Banha;30.455;31.178;2;20
EGYPT;Cairo;30.057;31.223;2;10
EGYPT;Damanhur;31.035;30.465;2;15
EGYPT;Dikirnis;31.088;31.593;2;90
EGYPT;Domyat;31.423;31.808;2;20
EGYPT;Faiyum;29.309;30.838;2;60
EGYPT;Idfu;24.978;32.875;2;10
EGYPT;Ismailiya;30.604;32.266;2;10
EGYPT;Luxor;25.7;32.639;2;50
EGYPT;Mallawi;27.732;30.837;2;20
EGYPT;Mansura;31.049;31.388;2;80
EGYPT;Minya;28.102;30.751;2;20
EGYPT;Qena;26.161;32.711;2;20
EGYPT;Sohag;26.558;31.691;2;70
EGYPT;Swais;29.98;32.516;2;25
EGYPT;Talkha;31.058;31.377;2;15
EGYPT;Tanta;30.788;30.983;2;15
EGYPT;Toshka;24.41;33.038;2;120
EGYPT;Zagazig;30.589;31.498;2;20
EQUATORIAL GUINEA;Bata;1.9;9.800;1;0
ERITREA;Asmara;15.333;38.926;3;2350
ESTONIA;Kohtla-Jarve;59.399;27.251;2;50
ESTONIA;Narva;59.374;28.182;2;50
ESTONIA;Parnu;58.386;24.499;2;50
ESTONIA;Tallinn;59.439;24.754;2;50
ESTONIA;Tartu;58.371;26.715;2;100
ETHIOPIA;Addis;9.029;38.733;3;2450
ETHIOPIA;Dire;9.617;41.850;3;0
ETHIOPIA;Asmara;15.283;38.917;3;0
FINLAND;Hameenlinna;60.996;24.464;2;100
FINLAND;Helsinki;60.17;24.922;2;50
FINLAND;Joensuu;62.601;29.736;2;100
FINLAND;Jyvaskyla;62.241;25.743;2;100
FINLAND;Kajaani;64.227;27.726;2;150
FINLAND;Kokkola;63.838;23.114;2;50
FINLAND;Kotka;60.466;26.939;2;50
FINLAND;Kuopio;62.893;27.668;2;150
FINLAND;Lahti;60.983;25.662;2;150
FINLAND;Lappeenranta;61.059;28.187;2;100
FINLAND;Mariehamn;60.097;19.935;2;50
FINLAND;Mikkeli;61.689;27.272;2;100
FINLAND;Oulu;65.013;25.471;2;50
FINLAND;Pori;61.485;21.797;2;50
FINLAND;Porvoo;60.393;25.664;2;50
FINLAND;Rovaniemi;66.498;25.720;2;150
FINLAND;Seinajoki;62.791;22.840;2;50
FINLAND;Tampere;61.498;23.765;2;100
FINLAND;Turku;60.451;22.268;2;50
FINLAND;Vaasa;63.095;21.616;2;50
FINLAND;Vantaa;60.294;25.040;2;50
FRANCE;Le;49.493;0.106;1;100
FRANCE;Le;48.008;0.199;1;100
FRANCE;Angers;47.469;-0.549;1;50
FRANCE;Bordeaux;44.837;-0.576;1;300
FRANCE;Brest;48.391;-4.487;1;300
FRANCE;Dijon;47.327;5.044;1;50
FRANCE;Grenoble;45.194;5.732;1;100
FRANCE;Lille;50.637;3.063;1;50
FRANCE;Lyon;45.768;4.834;1;250
FRANCE;Marseille;43.298;5.381;1;100
FRANCE;Montpellier;43.608;3.879;1;50
FRANCE;Nantes;47.217;-1.557;1;50
FRANCE;Nice;43.703;7.266;1;50
FRANCE;Paris;48.857;2.351;1;100
FRANCE;Reims;49.257;4.033;1;100
FRANCE;Rennes;48.112;-1.681;1;100
FRANCE;Saint-Etienne;45.44;4.388;1;550
FRANCE;Strasbourg;48.583;7.744;1;200
FRANCE;Toulon;43.125;5.931;1;50
FRANCE;Toulouse;43.604;1.443;1;200
GABON;Franceville;-1.633;13.550;1;0
GABON;Libreville;0.391;9.454;1;10
GAMBIA;Banjul;13.453;-16.578;0;10
GERMANY;Aachen;50.777;6.047;1;250
GERMANY;Berlin;52.523;13.411;1;50
GERMANY;Bielefeld;52.023;8.533;1;150
GERMANY;Bochum;51.482;7.218;1;150
GERMANY;Bonn;50.733;7.096;1;100
GERMANY;Bremen;53.075;8.807;1;50
GERMANY;Cologne;50.941;6.960;1;100
GERMANY;Dortmund;51.512;7.464;1;150
GERMANY;Dresden;51.051;13.734;1;300
GERMANY;Duesseldorf;51.225;6.776;1;50
GERMANY;Duisburg;51.435;6.762;1;50
GERMANY;Essen;51.458;7.015;1;100
GERMANY;Frankfurt;50.112;8.681;1;150
GERMANY;Hamburg;53.553;9.992;1;100
GERMANY;Hannover;52.372;9.736;1;100
GERMANY;Leipzig;51.34;12.371;1;150
GERMANY;Mannheim;49.485;8.477;1;150
GERMANY;Munich;48.139;11.580;1;550
GERMANY;Nuernberg;49.451;11.080;1;350
GERMANY;Stuttgart;48.777;9.181;1;300
GERMANY;Wuppertal;51.256;7.150;1;250
GHANA;Accra;5.6;-0.167;0;0
GHANA;Kumasi;6.717;-1.583;0;0
GREECE;Athens;37.9;23.733;2;180
GREECE;Chania;35.533;24.150;2;0
GREECE;Heraklion;35.333;25.183;2;0
GREECE;Ioannina;39.7;20.833;2;0
GREECE;Kalamata;37.067;22.033;2;0
GREECE;Kavalla;40.967;24.350;2;0
GREECE;Kefalonia;38.117;20.500;2;0
GREECE;Kos;36.8;27.100;2;0
GREECE;Larissa;39.65;22.467;2;0
GREECE;Lemnos;39.917;25.250;2;0
GREECE;Preveza;38.933;20.767;2;0
GREECE;Rhodes;36.383;28.117;2;0
GREECE;Samos;37.683;26.917;2;0
GREECE;Thessaloniki;40.517;22.967;2;0
GREENLAND;Sondre;67.017;-50.717;-3;0
GUAM;Guam;13.483;144.800;10;0
GUATEMALA;Flores;16.917;-89.883;-6;0
GUATEMALA;Guatemala;14.583;-90.533;-6;0
GUINEA;Conakry;9.537;-13.679;0;15
GUINEA BISSAU;Bissau;11.867;-15.600;0;15
GUYANA;Georgetown;6.805;-58.155;-4;15
GUYANA;Kaieteur;5.167;-59.483;-4;0
HAITI;Port Au Prince;18.567;-72.333;-5;0
HONDURAS;La Ceiba;15.733;-86.850;6;0
HONG KONG;Hong Kong;22.317;114.200;8;0
HUNGARY;Budapest;47.433;19.233;1;0
ICELAND;Keflavik;63.983;-22.600;0;0
INDIA;Ahmedabad;23.067;72.617;5;0
INDIA;Allahabad;25.433;81.733;5;0
INDIA;Amritsar;31.7;74.800;5;0
INDIA;Bangalore;12.95;77.667;5;0
INDIA;Bhuj;23.283;69.667;5;0
INDIA;Bombay;19.083;72.850;5;0
INDIA;Calcutta;22.65;88.450;5;0
INDIA;Delhi;28.567;77.100;5;0
INDIA;Gauhati;26.1;91.583;5;0
INDIA;Hyderabad;17.45;78.467;5;0
INDIA;Imphal;24.767;93.900;5;0
INDIA;Lucknow;26.767;80.883;5;0
INDIA;Madras;13;80.183;5;0
INDIA;Mangalore;12.87;74.844;5;0
INDIA;Nagpur;21.083;79.050;5;0
INDIA;Trivandrum;8.483;76.917;5;0
INDIA;Vadodara;22.333;73.217;5;0
INDONESIA;Abang;-8.399;115.599;8;620.8
INDONESIA;Abuki;-3.847;122.030;8;160.6
INDONESIA;Aek Kanopan;2.267;100.081;7;2.043
INDONESIA;Aikmel;-8.571;116.524;8;530.3
INDONESIA;Alor Island;-8.28;124.716;8;820.5
INDONESIA;Amahai;-3.346;128.927;8;-581
INDONESIA;Ambon;-3.654;128.166;8;-0.6
INDONESIA;Ambon;#VALUE!;#VALUE!;9;24.38
INDONESIA;Arga Makmur;-3.401;102.232;7;66.75
INDONESIA;Aru Island;#VALUE!;#VALUE!;9;5.486
INDONESIA;Asera;-3.276;121.834;8;947
INDONESIA;Badung;-8.584;115.182;8;88.39
INDONESIA;Balige;2.334;99.083;7;282.7
INDONESIA;Balikpapan Selatan;-1.275;116.823;8;5.791
INDONESIA;Balikpapan Utara;-1.212;116.857;8;22.86
INDONESIA;Balocci;-4.875;119.714;8;416.6
INDONESIA;Bandar Seri Bentan;1.062;104.519;7;4.267
INDONESIA;Bandung;-6.889;107.431;7;668.1
INDONESIA;Bandung Barat;-6.913;107.610;7;717.4
INDONESIA;Banggai;-1.639;123.550;8;147.2
INDONESIA;Bangkalan;-7.03;112.745;7;5.181
INDONESIA;Bangkinang;-0.147;101.162;7;16.45
INDONESIA;Bangko;-2.076;102.323;7;32.61
INDONESIA;Bangli Regency;-8.469;115.357;8;337.1
INDONESIA;Banjar;-8.213;114.966;8;89.3
INDONESIA;Banjar Tengah;-8.357;114.615;8;12.19
INDONESIA;Banjarangken;-8.554;115.373;8;63.09
INDONESIA;Banjarmasin;-3.328;114.589;8;4.876
INDONESIA;Banjarnegara;-7.399;109.682;7;284.3
INDONESIA;Banyumas;-7.479;109.140;7;93.26
INDONESIA;Banyuwangi;-8.218;114.367;7;24.68
INDONESIA;Barito Timur;-2.008;115.188;8;25.29
INDONESIA;Barito Utara;-0.97;115.088;8;72.84
INDONESIA;Bastem;-3.288;120.100;8;1357
INDONESIA;Batang;-6.893;109.724;7;5.181
INDONESIA;Batui;-1.394;122.407;8;22.86
INDONESIA;Batukliang;-8.584;116.328;8;124.3
INDONESIA;Baturaja;-4.122;104.173;7;15.24
INDONESIA;Baturiti;-8.339;115.195;8;933.9
INDONESIA;Batusangkar;-0.46;100.590;7;157.9
INDONESIA;Baubau;-5.506;122.598;8;113.9
INDONESIA;Bayan;-8.272;116.428;8;248.7
INDONESIA;Bekasi;-6.241;107.149;7;10.97
INDONESIA;Belu;-9.414;124.954;8;423.9
INDONESIA;Bengkalis;1.448;102.392;7;1.828
INDONESIA;Benoa;-8.803;115.211;8;48.76
INDONESIA;Berau;#VALUE!;117.363;8;147.5
INDONESIA;Bima;-8.459;118.728;8;10.05
INDONESIA;Bintuhan;-4.075;103.392;7;220.9
INDONESIA;Bireuen;5.209;96.697;7;5.481
INDONESIA;Bitung;1.444;125.206;8;24.99
INDONESIA;Blambangan Umpu;-4.496;104.565;7;30.78
INDONESIA;Blang Kejeren;3.89;97.434;7;359.9
INDONESIA;Blangpidie;3.721;96.851;7;1.858
INDONESIA;Blitar;-8.109;112.144;7;153
INDONESIA;Blora;-6.945;111.415;7;135
INDONESIA;Boalemo;0.701;122.265;8;190.1
INDONESIA;Bogor;-6.589;106.793;7;250.2
INDONESIA;Bojonegoro;-7.154;111.884;7;21.64
INDONESIA;Bolaang Mongondow;0.691;124.061;8;460.8
INDONESIA;Bolanglitang;0.89;123.419;8;86.86
INDONESIA;Bombana;-4.655;121.898;8;93.57
INDONESIA;Bondowoso;-7.913;113.821;7;262.7
INDONESIA;Bone;-4.728;120.086;8;102.7
INDONESIA;Bonggakaradeng;-3.244;119.579;8;1243
INDONESIA;Bontang;0.133;117.498;8;0.609
INDONESIA;Bontocani;-5.016;119.974;8;660.1
INDONESIA;Boyolali;-7.52;110.595;7;475.7
INDONESIA;Brebes;-6.881;108.051;7;6.4
INDONESIA;Budongbudong;-1.946;119.368;8;97.84
INDONESIA;Bukittinggi;-0.304;100.383;7;281
INDONESIA;Bulagi;-1.329;123.049;8;296.8
INDONESIA;Buleleng;-8.107;115.089;8;22.55
INDONESIA;Buloaanguki;0.354;123.814;8;427.9
INDONESIA;Bulukumba;-5.43;120.206;8;156.3
INDONESIA;Bungku Selatan;-2.653;122.013;8;262.4
INDONESIA;Bungku Utara;-1.771;121.709;8;37.79
INDONESIA;Bunguran Timur;3.941;108.378;7;2.743
INDONESIA;Buol;1.161;121.427;8;10.36
INDONESIA;Buru;#VALUE!;#VALUE!;9;113
INDONESIA;buru selatan;#VALUE!;#VALUE!;9;189.2
INDONESIA;Busungbiu;-8.254;114.965;8;236.2
INDONESIA;Buton;-5.048;122.884;8;269.4
INDONESIA;Calang;4.662;95.658;7;7.896
INDONESIA;Cianjur;-6.812;107.146;7;446.2
INDONESIA;Cilacap;-7.58;109.002;7;0.914
INDONESIA;Cirebon;-6.721;108.566;7;7.01
INDONESIA;Curup;-3.467;102.517;7;189.2
INDONESIA;Dampelassojol;0.457;119.975;8;79.55
INDONESIA;Dawan;-8.539;115.445;8;98.75
INDONESIA;Demak;-6.904;110.643;7;5.791
INDONESIA;Denpasar;-8.654;115.222;8;32.61
INDONESIA;Dolok Sanggul;2.553;99.041;7;311.8
INDONESIA;Dompu;-8.494;118.477;8;148.4
INDONESIA;Duapitue;-3.9;120.034;8;62.78
INDONESIA;Dumoga;0.543;123.978;8;371.2
INDONESIA;Ende;-8.848;121.656;8;45.11
INDONESIA;Enrekang;-3.563;119.761;8;311.8
INDONESIA;Fakfak;#VALUE!;#VALUE!;9;18.28
INDONESIA;Flores Timur;-8.315;122.968;8;1161
INDONESIA;Galela;-1.796;127.862;8;111.8
INDONESIA;Gangga;-8.296;116.225;8;75.89
INDONESIA;Garut;-7.492;107.761;7;739.4
INDONESIA;Gedong Tataan;-5.493;105.079;7;310.5
INDONESIA;Gerokgak;-8.214;114.771;8;269.4
INDONESIA;Gianyar;-8.54;115.324;8;156.9
INDONESIA;Gorontalo regency;0.549;122.831;8;7.315
INDONESIA;Gorontalo Utara;0.923;122.480;8;616
INDONESIA;Gowa;-5.303;119.738;8;496.5
INDONESIA;Gresik;-7.157;112.657;7;10.36
INDONESIA;Gunung Mas;-1.248;113.569;8;86.86
INDONESIA;Gunung Sitoli;1.256;97.594;7;34.55
INDONESIA;Gunung Sugih;-4.994;105.208;7;10.05
INDONESIA;Gunungsari;-8.538;116.106;8;41.45
INDONESIA;Idi Rayeuk;4.838;97.676;7;14.67
INDONESIA;Indralaya;-3.249;104.682;7;3.048
INDONESIA;Indramayu;-6.396;108.289;7;4.267
INDONESIA;Jambi;-1.597;103.599;7;5.486
INDONESIA;Janapria;-8.692;116.400;8;258.4
INDONESIA;Jember;-8.154;113.729;7;109.7
INDONESIA;Jembrana;-8.358;114.643;8;35.35
INDONESIA;Jeneponto;-5.552;119.674;8;204.8
INDONESIA;Jepara;-6.563;110.671;7;19.2
INDONESIA;Jombang;-7.546;112.225;7;46.02
INDONESIA;Jonggat;-8.67;116.218;8;116.4
INDONESIA;Kabanjahe;3.136;98.454;7;384.6
INDONESIA;Kabupaten Penukal Ab;-3.142;104.030;7;4.876
INDONESIA;kaimana;#VALUE!;#VALUE!;9;0
INDONESIA;Kalianda;-5.693;105.583;7;10.36
INDONESIA;Kalisusu;-4.619;123.068;8;131.3
INDONESIA;Kaluku;-2.474;119.154;8;35.96
INDONESIA;Kalumpang;-2.493;119.513;8;343.2
INDONESIA;Kapuas;-1.773;114.363;8;40.84
INDONESIA;Karang Baru;4.34;98.073;7;3.53
INDONESIA;Karang Tinggi;-3.794;102.461;7;100.5
INDONESIA;Karanganyar;-7.599;110.951;7;184.7
INDONESIA;Karangasem;-8.341;115.525;8;2093
INDONESIA;Karawang;-6.318;107.338;7;11.58
INDONESIA;Katingan;-0.928;112.814;8;65.83
INDONESIA;Kayangan;-8.262;116.262;8;31.39
INDONESIA;Kebumen;-7.688;109.658;7;21.03
INDONESIA;Kediri;-7.915;112.019;7;109.4
INDONESIA;Kendal;-6.926;110.204;7;53.03
INDONESIA;Kendari;-3.967;122.607;8;53.34
INDONESIA;Kepahiang;-3.613;102.668;7;297.1
INDONESIA;Kepulauan Selayar;-6.276;120.509;8;-0.6
INDONESIA;Kepulauan Seribu;-6.105;106.889;7;2.133
INDONESIA;Kepulauan Talaud;4.092;126.768;8;-0.6
INDONESIA;Keruak;-8.675;116.477;8;78.02
INDONESIA;Kintamani;-8.257;115.331;8;1287
INDONESIA;Kisaran;2.986;99.619;7;6.41
INDONESIA;Klaten;-7.708;110.591;7;160.9
INDONESIA;Klungkung Regency;-8.535;115.404;8;113
INDONESIA;Koba;-2.499;106.404;7;4.572
INDONESIA;Kolaka;-4.049;121.594;8;52.42
INDONESIA;Konawe;-3.917;122.079;8;38.1
INDONESIA;Konawe Selatan;-4.204;122.450;8;348.3
INDONESIA;Konawe Utara;-3.38;122.084;8;86.25
INDONESIA;Kopang;-8.585;116.369;8;637
INDONESIA;Kota Agung;-5.497;104.616;7;2.743
INDONESIA;Kota Bandung;-6.912;107.609;7;719.3
INDONESIA;Kota Banjar;-7.367;108.533;7;60.35
INDONESIA;Kota Batam;1.046;104.030;7;28.34
INDONESIA;Kota Batu;-7.868;112.536;7;873.5
INDONESIA;Kota Bekasi;-6.232;107.001;7;18.59
INDONESIA;Kota Bengkulu;-3.826;102.312;7;7.924
INDONESIA;Kota Binjai ;3.599;98.480;7;10.68
INDONESIA;Kota Blitar;-8.094;112.170;7;185.6
INDONESIA;Kota Bogor;-6.599;106.801;7;261.5
INDONESIA;Kota Cimahi;-6.88;107.535;7;743.1
INDONESIA;Kota Cirebon;-6.714;108.564;7;3.657
INDONESIA;Kota Depok;-6.736;108.445;7;46.93
INDONESIA;Kota Dumai;1.666;101.448;7;0.304
INDONESIA;Kota Gunungsitoli;1.287;97.622;7;2.415
INDONESIA;Kota Jakarta Barat;-6.168;106.758;7;7.315
INDONESIA;Kota Jakarta Pusat;-6.186;106.829;7;5.181
INDONESIA;Kota Jakarta Selatan;-6.267;106.806;7;30.17
INDONESIA;Kota Jakarta Timur;-6.245;106.901;7;22.86
INDONESIA;Kota Jakarta Utara;-6.142;106.880;7;6.705
INDONESIA;Kota Jantho;5.169;95.696;7;148.3
INDONESIA;Kota Kayu Agung;-3.364;104.869;7;3.657
INDONESIA;Kota Kediri;-7.83;112.010;7;78.94
INDONESIA;Kota Kupang;-10.183;123.583;8;31.08
INDONESIA;Kota Langsa;4.517;97.939;7;3.437
INDONESIA;Kota Lhokseumawe;5.187;97.139;7;2.136
INDONESIA;Kota Lubuklinggau;-3.297;102.862;7;42.67
INDONESIA;Kota Madiun;-7.628;111.514;7;68.58
INDONESIA;Kota Magelang;-7.482;110.214;7;366.9
INDONESIA;Kota Malang;-7.979;112.629;7;469
INDONESIA;Kota Manna;-4.438;102.909;7;11.27
INDONESIA;Kota Medan;3.575;98.687;7;9.476
INDONESIA;Kota Mojokerto;-7.484;112.433;7;26.21
INDONESIA;Kota Padangsidempuan;1.384;99.271;7;97.91
INDONESIA;Kota Pagar Alam;-4.038;103.265;7;215.1
INDONESIA;Kota Palembang;-2.991;104.757;7;2.438
INDONESIA;Kota Pangkal Pinang;-2.129;106.109;7;1.219
INDONESIA;Kota Pasuruan;-7.644;112.904;7;8.229
INDONESIA;Kota Pekalongan;-6.882;109.678;7;31.39
INDONESIA;Kota Pekanbaru;0.484;101.469;7;3.994
INDONESIA;Kota Pematangsiantar;2.957;99.065;7;119.7
INDONESIA;Kota Pinang;1.925;100.093;7;13.84
INDONESIA;Kota Prabumulih;-3.441;104.235;7;14.93
INDONESIA;Kota Probolinggo;-7.758;113.221;7;15.24
INDONESIA;Kota Sabang;5.894;95.324;7;11.61
INDONESIA;Kota Salatiga;-7.303;110.476;7;708.9
INDONESIA;Kota Semarang;-6.982;110.448;7;78.33
INDONESIA;Kota Sibolga ;1.74;98.783;7;5.852
INDONESIA;Kota sorong;#VALUE!;#VALUE!;9;6.096
INDONESIA;Kota Subulussalam;2.898;97.588;7;9.197
INDONESIA;Kota Sukabumi;-6.923;106.922;7;579.7
INDONESIA;Kota Surabaya;-7.291;112.734;7;11.88
INDONESIA;Kota Surakarta;-7.564;110.814;7;108.5
INDONESIA;Kota Tanjung Pinang;0.96;104.461;7;6.705
INDONESIA;Kota Tasikmalaya;-7.326;108.213;7;361.1
INDONESIA;Kota Tegal;-6.866;109.136;7;2.438
INDONESIA;Kotabumi;-4.821;104.834;7;10.97
INDONESIA;Kotamobagu;0.744;124.309;8;472.4
INDONESIA;Kuala Tungkal;-1.106;103.082;7;5.486
INDONESIA;Kubu;-8.275;115.551;8;344.1
INDONESIA;Kubutambahan;-8.08;115.189;8;7.62
INDONESIA;Kudus;-6.802;110.844;7;29.56
INDONESIA;Kulawi;-1.522;120.016;8;1102
INDONESIA;Kupang ;-10.183;123.583;8;31.39
INDONESIA;Kuta;-8.725;115.179;8;3.352
INDONESIA;Kutacane;3.495;97.808;7;105.7
INDONESIA;Kutai Barat;0.13;115.096;8;207.5
INDONESIA;Kutai Kartanegara;-0.091;116.619;8;14.32
INDONESIA;Kutai Timur;0.974;117.012;8;129.5
INDONESIA;Labuapi;-8.617;116.097;8;11.88
INDONESIA;Labuha;-0.627;127.467;8;10.36
INDONESIA;Lahat;-3.786;103.543;7;34.44
INDONESIA;Lakudo;-5.29;122.431;8;81.99
INDONESIA;Lamandau;-1.926;111.187;8;64.31
INDONESIA;Lamongan;-7.126;112.412;7;8.534
INDONESIA;Lembang;-3.48;119.496;8;89.3
INDONESIA;Lembata;-8.469;123.483;8;684.8
INDONESIA;Lhoksukon;5.053;97.316;7;2.043
INDONESIA;Limapuluh;3.222;99.422;7;7.71
INDONESIA;Limbong;-2.32;119.895;8;1302
INDONESIA;Lingga;-0.203;104.618;7;2.438
INDONESIA;Lombok Barat;-8.641;116.324;8;277.3
INDONESIA;Lombok Tengah;-8.715;116.283;8;145
INDONESIA;Lombok Timur;-8.513;116.558;8;478.2
INDONESIA;Lombok Utara;-8.371;116.278;8;727.5
INDONESIA;Long Bawan;-3.906;115.732;8;979.6
INDONESIA;Lore Selatan;-1.85;120.440;8;1613
INDONESIA;Lotu;1.434;97.342;7;7.06
INDONESIA;Lubuk Basung;0.268;99.983;7;15.23
INDONESIA;Lubuk Pakam;3.552;98.856;7;5.481
INDONESIA;Lubuk Sikaping;0.221;100.170;7;313
INDONESIA;Lumajang;-8.137;113.243;7;46.93
INDONESIA;Luwu;-3.315;120.252;8;413.6
INDONESIA;Luwuk;-0.904;122.788;8;735.4
INDONESIA;Madiun;-7.571;111.687;7;575.4
INDONESIA;Magelang;-7.467;110.300;7;661.1
INDONESIA;Magetan;-7.684;111.428;7;124.3
INDONESIA;Maiwa;-3.729;119.870;8;302
INDONESIA;Majalengka;-6.853;108.225;7;214.5
INDONESIA;Majene;-3.03;118.913;8;477.3
INDONESIA;Malang;-8.214;112.754;7;431.9
INDONESIA;Maluku barat daya;#VALUE!;#VALUE!;9;225.2
INDONESIA;Maluku tengah;#VALUE!;#VALUE!;9;263.9
INDONESIA;Maluku tenggara;#VALUE!;#VALUE!;9;16.76
INDONESIA;Maluku tenggara bara;#VALUE!;#VALUE!;9;0
INDONESIA;Mamasa;-2.941;119.378;8;1243
INDONESIA;Mambi;-2.89;119.197;8;1084
INDONESIA;Mamuju;-2.726;118.929;8;490.4
INDONESIA;Manado;1.482;124.850;8;194.1
INDONESIA;Manggar;-2.889;108.265;7;1.524
INDONESIA;Manggarai;-8.669;120.390;8;1050
INDONESIA;Manggarai Barat;-8.669;120.071;8;438.3
INDONESIA;Manggarai Timur;-8.616;120.615;8;1344
INDONESIA;Manggis;-8.472;115.534;8;225.2
INDONESIA;manokwari;#VALUE!;#VALUE!;9;368.5
INDONESIA;Maros;-4.947;119.579;8;41.45
INDONESIA;Martapura;-4.327;104.345;7;25.9
INDONESIA;Masbagik;-8.53;116.358;8;929.6
INDONESIA;Mataram;-8.587;116.120;8;369.7
INDONESIA;Maybrat;#VALUE!;#VALUE!;9;112.1
INDONESIA;Melaya;-8.25;114.500;8;64.92
INDONESIA;Mendoyo;-8.311;114.746;8;321.2
INDONESIA;Menggala;-4.512;105.231;7;4.572
INDONESIA;Mengwi;-8.546;115.167;8;119.4
INDONESIA;Mentok;-2.068;105.159;7;6.705
INDONESIA;Mesuji;-4.004;105.313;7;8.839
INDONESIA;Meulaboh;4.159;96.124;7;1.95
INDONESIA;Meureudu;5.198;96.318;7;4.83
INDONESIA;Minahasa;1.211;124.820;8;830.2
INDONESIA;Minahasa Selatan;1.095;124.467;8;535.8
INDONESIA;Minahasa Tenggara;1.031;124.733;8;320.3
INDONESIA;Minahasa Utara;1.535;124.999;8;189.2
INDONESIA;Mojokerto;-7.52;112.418;7;39.01
INDONESIA;Moriatas;-1.957;120.955;8;333.1
INDONESIA;Morowali;-2.294;121.535;8;243.5
INDONESIA;Mother Temple of Bes;-8.359;115.460;8;1107
INDONESIA;Muara Aman;-3.818;102.728;7;79.55
INDONESIA;Muara Beliti Baru;-3.234;103.013;7;20.72
INDONESIA;Muara Bulian;-1.726;103.243;7;6.4
INDONESIA;Muara Bungo;-1.64;101.889;7;43.89
INDONESIA;Muara Enim;-3.651;103.771;7;10.97
INDONESIA;Muara Sabak;-1.102;103.821;7;1.219
INDONESIA;Muara Tebo;-1.541;101.713;7;54.25
INDONESIA;Muara Teweh;-0.958;114.888;8;80.16
INDONESIA;Muaradua;-4.526;104.077;7;39.62
INDONESIA;Muaro Sijunjung;-0.6;100.992;7;269.5
INDONESIA;Mukomuko;-2.645;101.434;7;46.02
INDONESIA;Nagekeo;-8.672;121.307;8;657.4
INDONESIA;Namlea;-3.231;127.084;8;35.66
INDONESIA;Narmada;-8.572;116.196;8;258.7
INDONESIA;Negara;-8.316;114.603;8;91.74
INDONESIA;Ngada;-8.741;120.988;8;1412
INDONESIA;Nganjuk;-7.509;112.119;7;42.36
INDONESIA;Ngawi;-7.398;111.380;7;54.86
INDONESIA;Nusapenida;-8.744;115.538;8;95.4
INDONESIA;Pacitan;-8.171;111.275;7;388.6
INDONESIA;Padang;-0.954;100.379;7;44.59
INDONESIA;Padang Aro;-1.416;101.252;7;160.7
INDONESIA;Padangpanjang;-0.471;100.406;7;233.4
INDONESIA;Painan;-1.352;100.631;7;169.2
INDONESIA;Palopo;-3.007;120.206;8;33.22
INDONESIA;Palu;0.9;119.850;8;11.58
INDONESIA;Pamekasan;-7.166;113.472;7;20.11
INDONESIA;Pandan;1.687;98.828;7;2.043
INDONESIA;Pangkalan Balai;-2.898;104.408;7;7.01
INDONESIA;Pangkalan Kerinci;-0.146;102.255;7;9.753
INDONESIA;Pangkalanbuun;-2.689;111.623;8;32.91
INDONESIA;Pangururan;2.606;98.701;7;278.2
INDONESIA;Panyabungan;0.789;99.576;7;90.95
INDONESIA;Pare-pare;-4.029;119.634;8;160.9
INDONESIA;Pariaman;-0.631;100.128;7;2.694
INDONESIA;Parit Malintang;0.555;100.215;7;36.6
INDONESIA;Pasangkayu;-1.4;119.378;8;39.92
INDONESIA;Paser;-1.721;115.948;8;167.9
INDONESIA;Pasir Pengaraian;1.041;100.439;7;11.58
INDONESIA;Pasuruan;-7.785;112.869;7;228.6
INDONESIA;Pati;-6.754;111.044;7;9.448
INDONESIA;Payakumbuh;-0.229;100.641;7;157.7
INDONESIA;Payangan ;-8.396;115.261;8;576
INDONESIA;Pecatu;-8.82;115.119;8;103
INDONESIA;Pekutatan;-8.421;114.840;8;44.19
INDONESIA;Pemalang;-6.885;109.383;7;32.3
INDONESIA;Pemenang;-8.407;116.080;8;65.83
INDONESIA;Pemuteran;-8.163;114.632;8;200.2
INDONESIA;Penajam;-1.189;116.567;8;58.82
INDONESIA;Penajam Paser Utara;-1.28;116.518;8;44.19
INDONESIA;Pendem;-8.292;114.646;8;341.3
INDONESIA;Penebel;-8.418;115.149;8;437.6
INDONESIA;Petang;-8.383;115.215;8;569.9
INDONESIA;Pinolosian;0.496;124.255;8;697.6
INDONESIA;Pohuwato;0.706;121.719;8;241.4
INDONESIA;Polewali Mandar;-3.427;119.351;8;71.01
INDONESIA;Ponorogo;-7.93;111.473;7;109.1
INDONESIA;Popayato;0.548;121.506;8;63.09
INDONESIA;Poso;-1.402;120.759;8;30.17
INDONESIA;Praya Barat;-8.809;116.185;8;47.54
INDONESIA;Praya Timur;-8.772;116.372;8;128.6
INDONESIA;Pringgabaya;-8.528;116.641;8;186.2
INDONESIA;Pringsewu;-5.333;104.986;7;30.78
INDONESIA;Probolinggo;-7.872;113.471;7;470
INDONESIA;Pulau Punjung;0.931;101.452;7;46.73
INDONESIA;Pupuan;-8.318;115.015;8;612.9
INDONESIA;Purwakerta;-6.565;107.432;7;100.5
INDONESIA;Pusut;-8.812;116.297;8;99.66
INDONESIA;Raja ampat;#VALUE!;#VALUE!;9;10.05
INDONESIA;Rantau Prapat;2.098;99.832;7;11.24
INDONESIA;Raya;2.972;98.861;7;304.5
INDONESIA;Rembang;-6.711;111.341;7;28.34
INDONESIA;Rendang;-8.43;115.485;8;598.3
INDONESIA;Rengat;-0.736;102.255;7;14.32
INDONESIA;Rindingallo;-2.815;119.783;8;1931
INDONESIA;Rote Ndao;-10.731;123.128;8;20.11
INDONESIA;Sabbang;-2.655;120.189;8;174.6
INDONESIA;Sabu Raijua;-10.548;121.834;8;-0.3
INDONESIA;Sajang;-8.306;116.487;8;599.8
INDONESIA;Sakra;-8.688;116.478;8;203.6
INDONESIA;Salak;2.546;98.300;7;281
INDONESIA;Samarinda;-0.499;117.156;8;12.19
INDONESIA;Sambelia;-8.35;116.684;8;226.7
INDONESIA;Sampang;-7.159;113.200;7;20.11
INDONESIA;Sarilamak;0.092;100.722;7;29.35
INDONESIA;Sarolangun;-2.323;102.713;7;14.32
INDONESIA;Saumlaki;-7.955;131.319;8;3.048
INDONESIA;Sawahlunto;-0.697;100.736;7;217.1
INDONESIA;Sawan;-8.137;115.174;8;213.3
INDONESIA;Sei Rampah;3.469;99.146;7;2.229
INDONESIA;Sekayu;-2.891;103.868;7;4.572
INDONESIA;Sekotong Tengah;-8.814;116.049;8;248.1
INDONESIA;Selatpanjang;0.983;102.701;7;1.524
INDONESIA;Selemadeg;-8.488;115.044;8;197.8
INDONESIA;Selong;-8.65;116.542;8;135.9
INDONESIA;Semarang;-7.136;110.406;7;416.9
INDONESIA;Sengeti;-1.552;103.821;7;1.524
INDONESIA;Sepang Kelod;-8.33;114.886;8;592.5
INDONESIA;Seram Barat;#VALUE!;#VALUE!;9;80.16
INDONESIA;Seram Timur;#VALUE!;#VALUE!;9;112.1
INDONESIA;Seririt;-8.194;114.936;8;15.24
INDONESIA;Seruyan;-3.012;112.429;8;14.63
INDONESIA;Siak Sri Indrapura;0.783;102.070;7;3.962
INDONESIA;Sidemen;-8.471;115.455;8;351.7
INDONESIA;Sidikalang;3.585;98.676;7;7.896
INDONESIA;Sidoarjo;-7.455;112.738;7;3.048
INDONESIA;Sigi;-1.368;120.078;8;1240
INDONESIA;Sigli;5.376;95.943;7;3.065
INDONESIA;Sikka;-8.669;122.131;8;278.5
INDONESIA;Simpang Empat;0.222;99.634;7;5.945
INDONESIA;Sinabang;2.472;96.368;7;18.85
INDONESIA;Singkil;2.282;97.789;7;1.672
INDONESIA;Sinjai;-5.215;120.116;8;289.5
INDONESIA;Sintang;0.083;111.496;8;43.28
INDONESIA;Sipirok;1.61;99.248;7;302.9
INDONESIA;Situbondo;-7.756;113.703;7;40.84
INDONESIA;Solok;-0.79;100.655;7;119
INDONESIA;Sorong;#VALUE!;#VALUE!;9;6.096
INDONESIA;SORONG SELATAN;#VALUE!;#VALUE!;9;5.791
INDONESIA;Sragen;-7.43;111.024;7;102.4
INDONESIA;Stabat;3.736;98.445;7;3.809
INDONESIA;Subang;-6.569;107.752;7;97.53
INDONESIA;Suka Makmue;4.091;96.503;7;19.97
INDONESIA;Sukabumi;-6.863;106.954;7;989
INDONESIA;Sukadana;-5.056;105.571;7;10.36
INDONESIA;Sukamaju;-2.597;120.481;8;167
INDONESIA;Sukamara;-2.622;111.245;8;18.89
INDONESIA;Sukamulia;-8.626;116.510;8;214.8
INDONESIA;Sukasada;-8.15;115.108;8;191.1
INDONESIA;Sukawati;-8.606;115.295;8;29.87
INDONESIA;Sukoharjo;-7.679;110.818;7;98.75
INDONESIA;Sumba Barat;-9.652;119.396;8;348.6
INDONESIA;Sumba Timur;-9.975;120.341;8;278.2
INDONESIA;Sumbawa;-8.646;117.385;8;360.2
INDONESIA;Sumbawa Barat;-8.906;116.916;8;77.11
INDONESIA;Sumedang;-6.833;107.953;7;553.5
INDONESIA;Sumenep;-7.001;113.926;7;28.95
INDONESIA;Sungai Liat;-1.862;106.108;7;8.229
INDONESIA;Sungai Penuh;-2.123;101.320;7;373.9
INDONESIA;Sungaipenuh;-2.063;101.387;7;266
INDONESIA;Susut;-8.434;115.335;8;492.5
INDONESIA;Suwawa;0.531;123.203;8;168.5
INDONESIA;Tabanan;-8.46;115.049;8;244.7
INDONESIA;Tahuna;3.623;125.484;8;436.1
INDONESIA;Tais;-4.05;102.713;7;56.99
INDONESIA;Takengon;4.543;96.831;7;417.8
INDONESIA;Takkalalla;-4.173;120.261;8;15.24
INDONESIA;Taluk Kuantan;-0.441;101.525;7;34.13
INDONESIA;Tambrauw;#VALUE!;#VALUE!;9;315.7
INDONESIA;Tana Toraja;-3.069;119.746;8;1107
INDONESIA;Tanjung;-8.358;116.157;8;43.28
INDONESIA;Tanjung Balai Karimu;0.996;103.429;7;9.448
INDONESIA;Tanjung Pandan;-2.75;107.750;7;15.24
INDONESIA;Tanjung Redeb;2.139;117.491;8;10.36
INDONESIA;Tanjung Selor;2.77;117.434;8;16.76
INDONESIA;Tapak Tuan;3.266;97.177;7;23.5
INDONESIA;Tarakan;3.304;117.633;8;14.63
INDONESIA;Tarutung;1.968;99.018;7;394
INDONESIA;Tasikmalaya;-7.328;110.047;7;361.4
INDONESIA;Tebing Tinggi;-3.441;103.036;7;73.76
INDONESIA;Tegal;-6.995;109.139;7;46.02
INDONESIA;Tejakula;-8.134;115.338;8;169.4
INDONESIA;Teluk bintuni;#VALUE!;#VALUE!;9;32.61
INDONESIA;Teluk Dalam;0.657;97.836;7;27.12
INDONESIA;Teluk Wondama;#VALUE!;#VALUE!;9;40.23
INDONESIA;Temanggung;-7.314;110.175;7;608.6
INDONESIA;Tembilahan;-0.146;102.989;7;7.315
INDONESIA;Terara;-8.658;116.430;8;297.1
INDONESIA;Terempa;3.222;106.224;7;16.15
INDONESIA;Ternate;-0.783;127.368;8;187.1
INDONESIA;Tibubeneng;-8.645;115.151;8;33.83
INDONESIA;Tidore;-0.684;127.399;8;517.8
INDONESIA;Tinggimoncong;-5.237;119.888;8;1306
INDONESIA;Toboali;-3;106.500;7;9.753
INDONESIA;Tojo;-1.286;121.214;8;133.1
INDONESIA;Toli-toli;0.888;120.761;8;52.73
INDONESIA;Tonra;-4.896;120.280;8;41.14
INDONESIA;Toraja Utara;-2.854;119.836;8;1591
INDONESIA;Trenggalek;-8.222;111.715;7;265.4
INDONESIA;Tual;#VALUE!;#VALUE!;9;9.144
INDONESIA;Tuapejat;1.99;99.573;7;0.371
INDONESIA;Tuban;-6.934;111.881;7;181.9
INDONESIA;Tukadaya;-8.27;114.570;8;139.9
INDONESIA;Tukadsumaga;-8.241;114.867;8;220
INDONESIA;Tulang Bawang Tengah;-4.541;105.149;7;9.144
INDONESIA;Tulungagung;-8.051;111.835;7;143.8
INDONESIA;Tutallu;-3.26;118.989;8;359.9
INDONESIA;Ubud;-8.497;115.266;8;86.86
INDONESIA;Ujung Pandang;-5.131;119.414;8;3.048
INDONESIA;Ujung Tanjung;1.646;100.800;7;7.01
INDONESIA;Wakatobi;-5.327;123.596;8;66.44
INDONESIA;Wonogiri;-7.814;110.923;7;156.3
INDONESIA;Wonosobo;-7.363;109.900;7;781.5
IRAN;Bandar Abbas;27.233;56.383;3;0
IRAN;Esfahan Ahmadian;32.75;52.383;3;0
IRAN;Bandar Lengeh;26.533;54.817;3;0
IRAN;Abadan;30.367;48.233;3;0
IRAN;Ahwaz;31.333;48.767;3;0
IRAN;Bushehr;28.95;50.833;3;1574
IRAN;Esfahan;32.651;51.679;3;3350
IRAN;Esfahan_Hilal;32.667;51.250;3;1574
IRAN;Kerman;30.267;56.950;3;0
IRAN;Kermanshah;34.35;47.150;3;0
IRAN;Mashad;36.233;59.650;3;0
IRAN;Rasht;37.333;49.617;3;0
IRAN;Shiraz;29.533;52.583;3;0
IRAN;Tabriz;38.133;46.250;3;0
IRAN;Teheran;35.696;51.423;3;1200
IRAN;Yazd;31.9;54.283;3;0
IRAN;Zahedan;29.467;60.900;3;0
IRAQ;Tall Afar;36.378;42.442;3;175
IRAQ;Al Qaim;34.37;41.093;3;15
IRAQ;Amarah;31.838;47.152;3;46
IRAQ;Baghdad;33.339;44.394;3;110
IRAQ;Baiji;34.929;43.494;3;55
IRAQ;Balad;34.014;44.147;3;45
IRAQ;Baqubah;33.751;44.633;3;3
IRAQ;Basrah;30.543;47.754;3;600
IRAQ;Dahuk;36.869;43.002;3;25
IRAQ;Diwaniyeh;31.987;44.928;3;45
IRAQ;Fallujah;33.349;43.786;3;120
IRAQ;Haditha;34.139;42.379;3;40
IRAQ;Hilla;32.482;44.433;3;430
IRAQ;Irbil;36.191;44.010;3;32
IRAQ;Karbala;32.614;44.025;3;350
IRAQ;Kirkuk;35.469;44.391;3;30
IRAQ;Kufah;32.034;44.401;3;25
IRAQ;Kut;32.506;45.825;3;40
IRAQ;Mahmudiyah;33.058;44.367;3;130
IRAQ;Mandali;33.748;45.553;3;222
IRAQ;Moosel;36.338;43.134;3;60
IRAQ;Muqdadiyah;33.977;44.925;3;60
IRAQ;Najaf;32;44.331;3;10
IRAQ;Nasiriyah;31.032;46.264;3;69
IRAQ;Ramadi;33.416;43.221;3;620
IRAQ;Rutba;33.038;40.285;3;80
IRAQ;Samarra;34.194;43.875;3;15
IRAQ;Samawah;31.319;45.287;3;530
IRAQ;Sinjar;36.322;41.860;3;815
IRAQ;Sulaymaniyah;35.55;45.434;3;400
IRAQ;Tikrit;34.604;43.685;3;110
IRELAND;Athlone;53.425;-7.945;0;50
IRELAND;Bray;53.204;-6.109;0;50
IRELAND;Carlow;52.836;-6.924;0;100
IRELAND;Clonmel;52.356;-7.698;0;50
IRELAND;Cork;51.902;-8.478;0;50
IRELAND;Drogheda;53.717;-6.354;0;50
IRELAND;Dublin;53.344;-6.268;0;100
IRELAND;Dundalk;54;-6.404;0;50
IRELAND;Ennis;52.844;-8.983;0;50
IRELAND;Galway;53.274;-9.052;0;50
IRELAND;Kilkenny;52.654;-7.248;0;50
IRELAND;Limerick;52.664;-8.627;0;50
IRELAND;Naas;53.233;-6.620;0;100
IRELAND;Navan;53.655;-6.689;0;50
IRELAND;Newbridge;53.181;-6.796;0;100
IRELAND;Sligo;54.271;-8.472;0;50
IRELAND;Swords;53.458;-6.219;0;50
IRELAND;Tralee;52.27;-9.700;0;50
IRELAND;Waterford;52.257;-7.129;0;50
IRELAND;Wexford;52.339;-6.460;0;50
ITALY;Alghero;40.633;8.283;1;0
ITALY;Ancona;43.617;13.367;1;0
ITALY;Aviano;46.033;12.600;1;0
ITALY;Bari;41.133;16.783;1;0
ITALY;Bergamo;45.667;9.700;1;0
ITALY;Bologna;44.533;11.300;1;0
ITALY;Brindisi;40.65;17.950;1;0
ITALY;Cagliari;39.25;9.067;1;0
ITALY;Catania;37.4;14.917;1;0
ITALY;Forli;44.2;12.067;1;0
ITALY;Grosseto;42.767;11.067;1;0
ITALY;Lamezia-terme;38.917;16.233;1;0
ITALY;Milan;45.461;9.163;1;150
ITALY;Naples;40.883;14.300;1;0
ITALY;Olbia;40.9;9.517;1;0
ITALY;Palermo;38.183;13.100;1;0
ITALY;Pescara;42.433;14.183;1;0
ITALY;Pisa;43.683;10.400;1;0
ITALY;Rimini;44.017;12.617;1;0
ITALY;Rome;41.8;12.233;1;0
ITALY;Sigonella;37.4;14.917;1;0
ITALY;Trapani;37.917;12.483;1;0
ITALY;Trieste;45.833;13.467;1;0
ITALY;Turin;45.2;7.650;1;0
ITALY;Venice;45.5;12.350;1;0
ITALY;Verona;45.467;10.933;1;0
IVORY;COAST Abidjan;5.336;-4.027;0;40
IVORY COAST;Bouake;7.733;-5.067;0;0
JAMAICA;Montego Bay;18.5;-77.917;-5;0
JAMAICA;Kingston;17.95;-76.733;-5;0
JAPAN;Akita;39.7;140.067;9;0
JAPAN;Atsugi;35.45;139.450;9;0
JAPAN;Fukuoka;33.583;130.450;9;0
JAPAN;Hachinohe;40.55;141.467;9;0
JAPAN;Hakodate;41.767;140.817;9;0
JAPAN;Kagoshima;31.8;130.717;9;0
JAPAN;Komatsu;36.4;136.417;9;0
JAPAN;Kumamoto;32.833;130.850;9;0
JAPAN;Matsuyama;33.817;132.700;9;0
JAPAN;Misawa;40.7;141.367;9;0
JAPAN;Nagasaki;32.917;129.917;9;0
JAPAN;Nagoya;35.25;136.933;9;0
JAPAN;Niigata;37.95;139.117;9;0
JAPAN;Obihiro;42.733;143.217;9;0
JAPAN;Okinawa;26.2;127.650;9;0
JAPAN;Osaka;34.783;135.433;9;0
JAPAN;Sapporo;42.8;141.667;9;0
JAPAN;Sendai;38.133;140.917;9;0
JAPAN;Shimojishima;24.817;125.150;9;0
JAPAN;Tokyo;35.75;139.350;9;0
JAPAN;Ube;33.933;131.267;9;0
JAPAN;Yamagata;38.4;140.383;9;0
JORDAN;Dayr Abu Saeed;32.495;35.694;2;975
JORDAN;Shoubak-Wadi Mousa;30.395;35.493;2;1100
JORDAN;Ajloun;32.326;35.728;2;150
JORDAN;Amman;32.02;35.829;2;512
JORDAN;Aqaba;29.524;35.022;2;880
JORDAN;Azraq;31.837;36.815;2;411
JORDAN;Bayer;30.762;36.679;2;300
JORDAN;Gharandal;30.083;35.217;2;830
JORDAN;Hasa;30.819;35.962;2;800
JORDAN;Hmeadeyeh;32.233;36.550;2;623
JORDAN;Irbid;32.538;35.809;2;870
JORDAN;Jafer;30.317;36.167;2;1000
JORDAN;Jarash;32.283;35.808;2;1100
JORDAN;Karak;31.169;35.699;2;1140
JORDAN;Maan;30.208;35.733;2;800
JORDAN;Madaba;31.717;35.783;2;700
JORDAN;Mafraq;32.35;36.200;2;680
JORDAN;Mdawarah;29.194;36.072;2;-212
JORDAN;NorthShouneh;32.611;35.605;2;545
JORDAN;Omari;31.533;37.075;2;780
JORDAN;Qatraneh;31.25;36.050;2;840
JORDAN;Qwearah;29.803;35.305;2;155
JORDAN;Rahmah;29.917;35.150;2;950
JORDAN;Rum;29.575;35.425;2;680
JORDAN;Rweashed;32.508;38.200;2;700
JORDAN;Safawi;32.2;37.125;2;0
JORDAN;Safi;31.032;35.477;2;1071
JORDAN;Salt;32.046;35.704;2;1460
JORDAN;Shoubak;30.519;35.531;2;1735
JORDAN;SouthHusayneyah;30.6;35.783;2;1078
JORDAN;SouthShouneh;31.894;35.601;2;0
JORDAN;Tafeleh;30.82;35.603;2;1257
JORDAN;Zarqa;32.1;35.967;2;886
KAZAKHSTAN;Almaty;43.276;76.929;6;800
KAZAKHSTAN;Aqtobe;50.274;57.221;5;250
KAZAKHSTAN;Astana;51.184;71.384;6;350
KAZAKHSTAN;Karaganda;49.811;73.087;6;600
KAZAKHSTAN;Oskemen;49.964;82.581;6;300
KAZAKHSTAN;Pavlodar;52.282;76.939;6;150
KAZAKHSTAN;Petropavl;54.866;69.141;5;150
KAZAKHSTAN;Qostanay;53.218;63.614;6;200
KAZAKHSTAN;Semey;50.433;80.267;6;250
KAZAKHSTAN;Shymkent;42.314;69.554;6;500
KAZAKHSTAN;Taraz;42.889;71.361;6;650
KAZAKHSTAN;Temirtau;50.053;72.953;6;550
KENYA;Kisumu;-0.083;34.733;3;0
KENYA;Mombasa;-4.033;39.600;3;0
KENYA;Nairobi;-1.317;36.933;3;0
KUWAIT;Abdali;30.022;47.703;3;30
KUWAIT;Ahmadi;29.09;48.060;3;130
KUWAIT;Failaka;29.435;48.271;3;10
KUWAIT;Jahra;29.332;47.665;3;30
KUWAIT;Kuwait;29.306;47.936;3;30
KUWAIT;Nweasib;28.545;48.388;3;20
KUWAIT;Salmi;29.099;46.679;3;290
KUWAIT;Wafra;28.558;48.044;3;110
KYRGYZSTAN;Bishkek;42.875;74.612;6;800
LAOS;Vientiane;17.983;102.567;7;0
LATVIA;Cesis;57.313;25.275;2;150
LATVIA;Daugavpils;55.875;26.536;2;150
LATVIA;Jekabpils;56.499;25.857;2;100
LATVIA;Jelgava;56.648;23.708;2;50
LATVIA;Jurmala;56.968;23.771;2;50
LATVIA;Liepaja;56.489;21.011;2;50
LATVIA;Ogre;56.818;24.614;2;50
LATVIA;Rezekne;56.508;27.332;2;200
LATVIA;Riga;56.947;24.105;2;50
LATVIA;Valmiera;57.543;25.430;2;50
LATVIA;Ventspils;57.396;21.548;2;50
LEBANON;Jabal Sultan;33.645;35.861;2;900
LEBANON;Al-Marj;33.768;35.883;2;1140
LEBANON;Balbak;34.007;36.204;2;46
LEBANON;Beirut;33.872;35.510;2;1381
LEBANON;Trabulus;34.451;35.805;2;0
LIBERIA;Monrovia;6.283;-10.767;0;0
LIBYA;Bin Jawad;30.805;18.081;2;10
LIBYA;Ras Jdear;33.148;11.563;2;610
LIBYA;Ras Lanouf;30.513;18.533;2;20
LIBYA;Bani Walid;31.747;13.979;2;130
LIBYA;Az Zawiyah;32.75;12.718;2;280
LIBYA;Ajdabiya;30.755;20.223;2;10
LIBYA;Al-Bayda;32.759;21.740;2;10
LIBYA;Aziziyah;32.53;13.018;2;10
LIBYA;Benghazi;32.112;20.048;2;10
LIBYA;Breaga;30.406;19.573;2;350
LIBYA;Derna;32.775;22.640;2;720
LIBYA;Ghadames;30.126;9.490;2;260
LIBYA;Gheryan;32.169;13.011;2;670
LIBYA;Hun;29.126;15.941;2;40
LIBYA;Jadu;31.958;12.016;2;20
LIBYA;Jalu;29.036;21.546;2;380
LIBYA;Khoms;32.651;14.261;2;10
LIBYA;Kufrah;24.183;23.271;2;450
LIBYA;Misrata;32.371;15.056;2;640
LIBYA;Murzuq;25.917;13.924;2;10
LIBYA;Nalut;31.871;10.978;2;20
LIBYA;Sebha;27.039;14.429;2;430
LIBYA;Sibrata;32.793;12.484;2;20
LIBYA;Sirt;31.208;16.576;2;10
LIBYA;Surman;32.75;12.572;2;10
LIBYA;Taragen;25.93;14.436;2;430
LIBYA;Tarhuna;32.434;13.631;2;400
LIBYA;Tripoli;32.896;13.165;2;50
LIBYA;Tubroq;32.079;23.954;2;20
LIBYA;Ubari;26.591;12.774;2;470
LIBYA;Yefren;32.063;12.527;2;680
LIBYA;Zintan;31.931;12.248;2;720
LIBYA;Zliten;32.467;14.567;2;20
LIBYA;Zuwara;32.934;12.083;2;10
LITHUANIA;Alytus;54.396;24.047;2;100
LITHUANIA;Druskininkai;54.016;23.978;2;100
LITHUANIA;Jonava;55.073;24.279;2;50
LITHUANIA;Kaunas;54.897;23.892;2;100
LITHUANIA;Kedainiai;55.289;23.973;2;50
LITHUANIA;Klaipeda;55.699;21.148;2;50
LITHUANIA;Kretinga;55.896;21.231;2;50
LITHUANIA;Marijampole;54.558;23.349;2;100
LITHUANIA;Mazeikiai;56.311;22.325;2;100
LITHUANIA;Panevezys;55.738;24.370;2;100
LITHUANIA;Plunge;55.912;21.846;2;150
LITHUANIA;Radviliskis;55.809;23.539;2;150
LITHUANIA;Siauliai;55.932;23.314;2;150
LITHUANIA;Silute;55.341;21.460;2;50
LITHUANIA;Taurage;55.256;22.293;2;50
LITHUANIA;Telsiai;55.988;22.243;2;150
LITHUANIA;Ukmerge;55.25;24.764;2;100
LITHUANIA;Utena;55.5;25.600;2;150
LITHUANIA;Vilnius;54.689;25.280;2;150
LITHUANIA;Visaginas;55.6;26.427;2;200
LUXEMBOURG;Bascharage;49.565;5.907;1;300
LUXEMBOURG;Belvaux;49.51;5.922;1;350
LUXEMBOURG;Bettembourg;49.521;6.099;1;300
LUXEMBOURG;Diekirch;49.869;6.158;1;250
LUXEMBOURG;Differdange;49.524;5.889;1;350
LUXEMBOURG;Dudelange;49.48;6.086;1;300
LUXEMBOURG;Echternach;49.813;6.422;1;200
LUXEMBOURG;Esch-Alzette;49.498;5.983;1;350
LUXEMBOURG;Ettelbruck;49.847;6.101;1;250
LUXEMBOURG;Luxembourg;49.61;6.130;1;350
LUXEMBOURG;Mamer;49.627;6.022;1;300
LUXEMBOURG;Petange;49.557;5.877;1;300
LUXEMBOURG;Schifflange;49.505;6.012;1;300
LUXEMBOURG;Soleuvre;49.523;5.934;1;350
LUXEMBOURG;Strassen;49.618;6.070;1;350
LUXEMBOURG;Wiltz;49.964;5.935;1;400
MADAGASCAR;Majunga;-15.667;46.350;3;0
MADAGASCAR;Nossi-be;-13.317;48.317;3;0
MADAGASCAR;Tamatave;-18.117;49.400;3;0
MALAWI;Blantyre;-15.667;34.967;2;0
MALAWI;Lilongwe;-13.967;33.700;2;0
MALAYSIA;Johore Bahru;1.633;103.667;8;0
MALAYSIA;Kuala Lumpur;3.139;101.687;8;10
MALAYSIA;Kuching;1.483;110.333;8;0
MALAYSIA;Miri;4.45;114.000;8;0
MALAYSIA;Penang;5.283;100.267;8;0
MALAYSIA;Sandakan;5.9;118.067;8;0
MALDIVES;Male;4.175;73.509;5;10
MALI;Bamako;12.65;-8.000;0;350
MALI;Mopti;14.517;-4.083;0;0
MALTA;Malta;35.833;14.550;1;0
MAURITANIA;Kaedi;16.167;-13.500;0;0
MAURITANIA;Nouadhibou;20.933;-17.033;0;0
MAURITANIA;Nouakchott;18.1;-15.950;0;3
MAURITIUS;Mauritius;-20.433;57.683;4;0
MEXICO;Mexico City;19.433;-99.067;-6;0
MEXICO;Can Cun;21.033;-86.867;-6;0
MEXICO;Ciudad Juarez;31.633;-106.433;-6;0
MEXICO;Ciudad Obregon;27.4;-109.833;-7;0
MEXICO;Acapulco;16.75;-99.767;-6;0
MEXICO;Campeche;19.833;-90.517;-6;0
MEXICO;Chetumal;18.483;-88.333;-6;0
MEXICO;Chihuahua;28.65;-106.100;-6;0
MEXICO;Culiacan;24.767;-107.467;-7;0
MEXICO;Durango;24.133;-104.533;-6;0
MEXICO;Guaymas;27.95;-110.933;-7;0
MOROCCO;Al Hoceima;35.183;-3.833;0;0
MOROCCO;Sidi Ifni;29.367;-10.183;0;0
MOROCCO;Agadir;30.383;-9.550;0;0
MOROCCO;Casablanca;33.367;-7.583;0;0
MOROCCO;Dakhla;23.717;-15.933;0;0
MOROCCO;Fez;33.933;-4.983;0;0
MOROCCO;Laayoune;27.133;-13.217;0;0
MOROCCO;Marrakech;31.617;-8.033;0;0
MOROCCO;Oujda;34.783;-1.933;0;23
MOROCCO;Rabat;34.02;-6.840;0;0
MOROCCO;Tangier;35.733;-5.917;0;0
MOZAMBIQUE;Mocimboa Praia;-11.35;40.350;2;0
MOZAMBIQUE;Beira;-19.8;34.917;2;15
MOZAMBIQUE;Maputo;-25.969;32.569;2;0
MOZAMBIQUE;Nampula;-15.1;39.283;2;0
MYANMAR;Yangon;16.9;96.133;6;0
NAMIBIA;Grootfontein;-19.6;18.133;2;0
NAMIBIA;Keetmanshoop;-26.533;18.100;2;0
NAMIBIA;Windhoek;-22.483;17.467;2;0
NEPAL;Kathmandu;27.7;85.367;6;0
NETHERLANDS;The Hague;52.078;4.314;1;50
NETHERLANDS;Almere;52.372;5.218;1;50
NETHERLANDS;Amersfoort;52.156;5.389;1;50
NETHERLANDS;Amsterdam;52.374;4.891;1;50
NETHERLANDS;Apeldoorn;52.216;5.965;1;50
NETHERLANDS;Arnhem;51.98;5.912;1;50
NETHERLANDS;Breda;51.589;4.774;1;50
NETHERLANDS;Dordrecht;51.811;4.668;1;50
NETHERLANDS;Eindhoven;51.437;5.478;1;50
NETHERLANDS;Enschede;52.221;6.891;1;50
NETHERLANDS;Groningen;53.215;6.568;1;50
NETHERLANDS;Haarlem;52.379;4.638;1;50
NETHERLANDS;Haarlemmermeer;52.291;4.669;1;50
NETHERLANDS;Hertogenbosch;51.689;5.304;1;150
NETHERLANDS;Maastricht;50.85;5.687;1;50
NETHERLANDS;Nijmegen;51.842;5.858;1;50
NETHERLANDS;Rotterdam;51.923;4.471;1;50
NETHERLANDS;Tilburg;51.555;5.091;1;50
NETHERLANDS;Utrecht;52.091;5.123;1;50
NETHERLANDS;Zaanstad;52.442;4.811;1;50
NEW CALEDONIA;Noumea;-22.017;166.217;11;0
NEW ZEALAND;Auckland;-37.017;174.800;12;0
NEW ZEALAND;Christchurch;-43.483;172.533;12;0
NEW ZEALAND;Wellington;-41.317;174.800;12;0
NICARAGUA;Managua;12.133;-86.167;-6;0
NIGER;Agades;16.967;8.000;1;0
NIGER;Niamey;13.513;2.113;1;270
NIGERIA;Benin City;6.317;5.600;1;460
NIGERIA;Port Harcourt;4.85;7.017;0;0
NIGERIA;Abuja;9.054;7.456;1;627
NIGERIA;Akure;7.267;5.300;1;0
NIGERIA;Bauchi;10.318;9.841;1;0
NIGERIA;Calabar;4.967;8.350;1;0
NIGERIA;Enugu;6.483;7.567;1;0
NIGERIA;Ilorin;8.433;4.500;1;0
NIGERIA;Jos;9.867;8.900;1;0
NIGERIA;Kaduna;10.6;7.433;1;0
NIGERIA;Kano;12.05;8.517;1;0
NIGERIA;Lagos;6.583;3.333;1;0
NIGERIA;Maiduguri;11.85;13.067;1;0
NIGERIA;Sokoto;13;5.250;1;0
NIGERIA;Yola;9.267;12.433;1;0
NORWAY;Akershus;59.892;10.525;1;0
NORWAY;Arendal;58.459;8.767;1;50
NORWAY;Bergen;60.388;5.331;1;200
NORWAY;Bodo;67.279;14.367;1;50
NORWAY;Drammen;59.745;10.213;1;50
NORWAY;Fredrikstad-Sarpsb;59.218;10.930;1;50
NORWAY;Halden;59.126;11.389;1;50
NORWAY;Hamar;60.799;11.056;1;150
NORWAY;Harstad;68.798;16.533;1;75
NORWAY;Haugesund;59.424;5.263;1;50
NORWAY;Kristiansand;58.145;7.998;1;50
NORWAY;Larvik;59.054;10.035;1;100
NORWAY;lesund;63.334;8.459;1;50
NORWAY;Moss;59.428;10.668;1;50
NORWAY;Oslo;59.914;10.738;1;50
NORWAY;Porsgrunn-Skien;59.144;9.650;1;50
NORWAY;Sandefjord;59.131;10.217;1;50
NORWAY;Stavanger;58.964;5.726;1;50
NORWAY;Tonsberg;59.271;10.418;1;50
NORWAY;Troms;69.104;18.059;1;250
NORWAY;Trondheim;63.435;10.399;1;50
OMAN;Jabal Shams;23.216;57.276;4;3000
OMAN;Muscat;23.613;58.593;4;21
OMAN;Salalah;17.033;54.100;4;0
PAKISTAN;Faisalabad;31.367;73.000;5;0
PAKISTAN;Hyderabad;25.317;68.367;5;0
PAKISTAN;Islamabad;33.676;72.995;5;555
PAKISTAN;Karachi;24.9;67.150;5;0
PAKISTAN;Lahore;31.545;74.341;5;0
PAKISTAN;Mohenjodaro;27.333;68.150;5;0
PAKISTAN;Multan;30.2;71.417;5;0
PAKISTAN;Nawabshah;26.217;68.400;5;0
PAKISTAN;Peshawar;34;71.517;5;0
PALAU;Koror;7.367;134.550;10;0
PALESTINE;Al-Khalsah (Qiryat;33.212;35.562;2;55
PALESTINE;Dear Al-Balah;31.425;34.340;2;24
PALESTINE;Jabal Al-Jarmaq;32.999;35.413;2;1017
PALESTINE;Umm Al-Rashrash (E;29.554;34.930;2;278
PALESTINE;Umm Khalid (Natany;32.332;34.851;2;100
PALESTINE;Bait Lahem;31.709;35.202;2;819
PALESTINE;Al-Led War-Ramleh;31.926;34.854;2;754
PALESTINE;Khan Yunis;31.343;34.297;2;485
PALESTINE;Affuleh;32.608;35.276;2;-227
PALESTINE;Akka;32.923;35.088;2;60
PALESTINE;Al-Khalil;31.55;35.108;2;63
PALESTINE;Al-Quds;31.785;35.215;2;788
PALESTINE;Al-Samua;31.391;35.074;2;278
PALESTINE;An-Nasrah;32.71;35.296;2;-105
PALESTINE;Areeha;31.839;35.436;2;15
PALESTINE;Ashdod;31.8;34.700;2;41
PALESTINE;Asqalan;31.661;34.560;2;302
PALESTINE;Beer-Al-Sabea;31.246;34.796;2;1208
PALESTINE;Beesan;32.5;35.489;2;324
PALESTINE;Ghazza;31.524;34.446;2;52
PALESTINE;Haifa;32.8;34.983;2;941
PALESTINE;Jeneen;32.453;35.273;2;75
PALESTINE;Nablus;32.233;35.273;2;79
PALESTINE;Qalqelyah;32.191;34.968;2;884
PALESTINE;Rafah;31.283;34.253;2;811
PALESTINE;Ramallah;31.898;35.201;2;248
PALESTINE;Safad;32.97;35.495;2;123
PALESTINE;Tabareyyah;32.784;35.513;2;146
PALESTINE;Toolkarem;32.314;35.031;2;33
PALESTINE;Ummel-Fahem;32.514;35.158;2;503
PALESTINE;Yafa;32.022;34.756;2;52
PALESTINE;Yatta;31.448;35.088;2;832
PANAMA;Panama City;9.067;-79.383;-5;0
PANAMA;Fort Kobbe;8.917;-79.600;-5;0
PARAGUAY;Asuncion;-25.233;-57.517;-4;0
PERU;Arequipa;-16.333;-71.550;-5;0
PERU;Chiclayo;-6.783;-79.833;-5;0
PERU;Cuzco;-13.533;-71.967;-5;0
PERU;Iquitos;-3.75;-73.200;-5;0
PERU;Lima;-12.033;-77.117;-5;0
PERU;Piura;-5.2;-80.617;-5;0
PERU;Pucallpa;-8.333;-74.633;-5;0
PERU;Tacna;-18.067;-70.283;-5;0
PERU;Talara;-4.567;-81.250;-5;0
PERU;Trujillo;-8.083;-79.117;-5;0
PHILIPPINES;Luzon Island;14.8;120.267;8;0
PHILIPPINES;Mactan Island;10.317;123.983;8;0
PHILIPPINES;Cagayan;8.417;124.617;8;0
PHILIPPINES;Davao;7.133;125.650;8;0
PHILIPPINES;Iloilo;10.717;122.550;8;0
PHILIPPINES;Manila;14.517;121.017;8;0
PHILIPPINES;Marawi;8.019;124.292;8;0
POLAND;Bialystok;53.133;23.169;1;150
POLAND;Bydgoszcz;53.124;18.008;1;100
POLAND;Bytom;50.348;18.916;1;300
POLAND;Czestochowa;50.818;19.119;1;250
POLAND;Gdansk;54.352;18.647;1;50
POLAND;Gdynia;54.519;18.531;1;50
POLAND;Gliwice;50.294;18.671;1;300
POLAND;Katowice;50.265;19.024;1;300
POLAND;Kielce;50.866;20.629;1;300
POLAND;Krakow;50.064;19.946;1;300
POLAND;Lodz;51.759;19.456;1;250
POLAND;Lublin;51.247;22.569;1;200
POLAND;Poznan;52.407;16.926;1;100
POLAND;Radom;51.403;21.147;1;200
POLAND;Sosnowiec;50.286;19.104;1;300
POLAND;Szczecin;53.428;14.553;1;50
POLAND;Torun;53.014;18.598;1;100
POLAND;Warsaw;52.229;21.011;1;100
POLAND;Wroclaw;51.108;17.039;1;150
POLAND;Zabrze;50.307;18.778;1;250
PORTUGAL;Faro;37.017;-7.967;0;0
PORTUGAL;Lisbon;38.783;-9.133;1;0
PORTUGAL;Porto;41.233;-8.667;0;0
PUERTO;RICO Aguadilla;18.5;-67.133;-4;0
PUERTO;RICO Roosevelt Roa;18.25;-65.633;-4;0
QATAR;Madinet Al-Shamal;26.117;51.217;3;10
QATAR;Ras Laffan;25.91;51.569;6;40
QATAR;Al-Khor;25.68;51.479;3;20
QATAR;Doha;25.284;51.407;3;10
QATAR;Dukhan;25.427;50.778;3;10
QATAR;Mseaeed;24.989;51.537;3;10
QATAR;Shahaniyya;25.414;51.182;3;50
QATAR;Wakra;25.165;51.591;3;10
ROMANIA;Arad;46.183;21.267;2;0
ROMANIA;Bucharest;44.533;26.100;2;0
ROMANIA;Constanta;44.35;28.483;-5;0
ROMANIA;Sibiu;45.783;24.083;2;0
ROMANIA;Timisoara;45.817;21.333;2;0
ROMANIA;Tulcea;45.167;28.800;2;0
RUSSIA;Astrakhan;48.05;46.350;3;0
RUSSIA;Ekaternburgh;56.838;60.538;5;260
RUSSIA;Moscow;55.756;37.618;3;150
RUSSIA;Tsumada;42.482;46.053;3;1177
RUSSIA;Vladivostok;43.123;131.899;10;173
RWANDA;Kigali;-1.967;30.133;2;0
SAUDI ARABIA;Abha;18.215;42.493;3;2250
SAUDI ARABIA;Abu Arish;16.967;42.825;3;70
SAUDI ARABIA;Alras;25.868;43.490;3;700
SAUDI ARABIA;Arar;30.986;41.020;3;540
SAUDI ARABIA;Baha;20.006;41.452;3;2180
SAUDI ARABIA;Baish;17.373;42.530;3;80
SAUDI ARABIA;Barzayn;18.203;42.804;3;2080
SAUDI ARABIA;Bisha;20;42.598;3;1170
SAUDI ARABIA;Bukayriyah;26.141;43.651;3;670
SAUDI ARABIA;Buqayq;25.934;49.654;3;100
SAUDI ARABIA;Buraydah;26.338;43.957;3;610
SAUDI ARABIA;Dammam;26.429;50.065;3;10
SAUDI ARABIA;Dawadimi;24.501;44.372;3;990
SAUDI ARABIA;Dhahran;26.288;50.112;3;50
SAUDI ARABIA;Fegrah;24.329;38.936;3;1904
SAUDI ARABIA;Hafar Al-Batin;28.434;45.962;3;320
SAUDI ARABIA;Hail;27.524;41.675;3;1020
SAUDI ARABIA;Halet Ammar;29.161;36.074;3;720
SAUDI ARABIA;Hanidh;26.578;48.631;3;120
SAUDI ARABIA;Hawtit Sudear;25.598;45.614;3;730
SAUDI ARABIA;Hofuf;25.381;49.572;3;160
SAUDI ARABIA;Jeddah;21.552;39.114;3;30
SAUDI ARABIA;Jizan;16.891;42.542;3;20
SAUDI ARABIA;Jouf;29.79;40.100;3;680
SAUDI ARABIA;Jubail;26.998;49.650;3;20
SAUDI ARABIA;Khamasin;20.466;44.798;3;690
SAUDI ARABIA;Khamis Mushait;18.313;42.698;3;2020
SAUDI ARABIA;Khobar;26.284;50.195;3;30
SAUDI ARABIA;Madinah;24.468;39.611;3;609
SAUDI ARABIA;Majmaah;25.908;45.351;3;720
SAUDI ARABIA;Makkah;21.423;39.825;3;304
SAUDI ARABIA;Musayjid;24.086;39.093;3;460
SAUDI ARABIA;Najran;17.539;44.213;3;1300
SAUDI ARABIA;Qaisumah;28.309;46.119;3;370
SAUDI ARABIA;Qaryat Al-Ulia;27.561;47.698;3;180
SAUDI ARABIA;Qassim;26.349;43.768;3;670
SAUDI ARABIA;Qatif;26.559;49.996;3;20
SAUDI ARABIA;Qrayyat;31.334;37.332;3;500
SAUDI ARABIA;Rabigh;22.799;39.030;3;10
SAUDI ARABIA;Rafha;29.634;43.506;3;450
SAUDI ARABIA;Ranyah;21.256;42.844;3;930
SAUDI ARABIA;Ras Tunnurah;26.706;50.056;3;20
SAUDI ARABIA;Riyadh;24.708;46.689;3;610
SAUDI ARABIA;Sakakah;29.963;40.194;3;570
SAUDI ARABIA;Shaqra;25.237;45.246;3;730
SAUDI ARABIA;Sharurah;17.497;47.103;3;730
SAUDI ARABIA;Tabuk;28.406;36.542;3;770
SAUDI ARABIA;Taif;21.268;40.402;3;1700
SAUDI ARABIA;Tayma;27.619;38.522;3;840
SAUDI ARABIA;Turaif;31.676;38.648;3;840
SAUDI ARABIA;Umlaj;25.037;37.254;3;20
SAUDI ARABIA;Unayzah;26.096;43.985;3;660
SAUDI ARABIA;Wajh;26.247;36.447;3;30
SAUDI ARABIA;Yanbo;24.088;38.046;3;20
SENEGAL;Dakar;14.75;-17.334;0;10
SIERRA LEONE;Freetown;8.484;-13.229;0;50
SINGAPORE;Singapore;1.35;103.983;8;0
SLOVAKIA;Bratislava;48.167;17.217;1;0
SLOVAKIA;Prague;50.1;14.267;1;0
SOLOMON ISLAND;Honiara;-9.433;160.050;11;0
SOMALIA;Hargeisa;9.517;44.100;3;0
SOMALIA;Mogadishu;2.05;45.330;3;57
SOUTH AFRICA;Bloemfontein;-29.1;26.300;2;0
SOUTH AFRICA;Capetown;-33.967;18.600;2;0
SOUTH AFRICA;Durban;-29.967;30.950;2;0
SOUTH AFRICA;George;-33.967;22.417;2;0
SOUTH AFRICA;Johannesburg;-26.133;28.250;2;0
SOUTH AFRICA;Kimberley;-28.8;24.767;2;0
SOUTH AFRICA;Pietersburg;-23.85;29.450;2;0
SOUTH AFRICA;Pretoria;-25.74;28.188;2;1313
SOUTH AFRICA;Upington;-28.4;21.250;2;0
SOUTH AFRICA;Welkom;-28;26.667;2;0
SOUTH KOREA;Cheju;33.5;126.500;9;0
SOUTH KOREA;Kusan;35.9;126.617;9;0
SOUTH KOREA;Kwangju;35.117;126.817;9;0
SOUTH KOREA;Osan;37.083;127.033;9;0
SOUTH KOREA;Pusan;35.167;129.133;9;0
SOUTH KOREA;Seoul;37.55;126.800;9;0
SOUTH KOREA;Taegu;35.883;128.667;9;0
SPAIN;Gran Canaria;27.933;-15.383;1;0
SPAIN;Jerez Frontera;36.75;-6.067;1;0
SPAIN;Palma Mallorca;39.55;2.733;1;0
SPAIN;Alicante;38.283;-0.567;1;0
SPAIN;Almeria;36.85;-2.367;1;0
SPAIN;Asturias;43.433;-5.833;1;0
SPAIN;Badajoz;38.9;-6.817;1;0
SPAIN;Barcelona;41.3;2.100;1;0
SPAIN;Bilbao;43.3;-2.917;1;0
SPAIN;Fuerteventura;28.45;-13.867;1;0
SPAIN;Gerona;41.917;2.767;1;0
SPAIN;Granada;37.183;-3.783;1;14
SPAIN;Ibiza;38.867;1.367;1;0
SPAIN;Ishbilia;37.387;-5.998;1;0
SPAIN;Lanzarote;28.95;-13.600;1;0
SPAIN;Madrid;40.483;-3.450;1;0
SPAIN;Mahon;39.867;4.217;1;0
SPAIN;Malaga;36.667;-4.500;1;0
SPAIN;Moron;37.183;-5.617;1;0
SPAIN;Murcia;37.767;-0.817;1;0
SPAIN;Pamplona;42.767;-1.650;1;0
SPAIN;Reus;41.15;1.167;1;0
SPAIN;Santander;43.433;-3.833;1;0
SPAIN;Seville;37.417;-5.900;1;0
SPAIN;Tenerife;28.267;-16.450;1;0
SPAIN;Valencia;39.483;-0.483;1;0
SPAIN;Valladolid;41.7;-4.850;1;0
SPAIN;Vigo;42.233;-8.633;1;0
SPAIN;Vitoria;42.883;-2.717;1;0
SPAIN;Zaragoza;41.667;-1.033;1;0
SRI LANKA;Colombo;7.183;79.883;5;0
SRI LANKA;Jaffna;9.8;80.083;5;0
SUDAN;El Obeid;13.167;30.233;3;0
SUDAN;Juba;19.583;37.217;3;0
SUDAN;Kartoum;4.867;31.600;3;385
SUDAN;Port Sudan;15.588;32.534;3;0
SURINAME;Paramaribo;5.818;-55.216;-3;10
SWEDEN;Boras;57.721;12.940;1;150
SWEDEN;Eskilstuna;59.367;16.466;1;50
SWEDEN;Gavle;60.675;17.142;1;50
SWEDEN;Gothenburg;57.697;11.986;1;50
SWEDEN;Halmstad;56.674;12.858;1;50
SWEDEN;Helsingborg;56.047;12.695;1;50
SWEDEN;Jonkoping;57.782;14.159;1;100
SWEDEN;Karlstad;59.378;13.504;1;75
SWEDEN;Linkoping;58.416;15.625;1;50
SWEDEN;Malmo;55.603;13.001;1;50
SWEDEN;Norrkoping;58.594;16.183;1;50
SWEDEN;Orebro;59.274;15.208;1;50
SWEDEN;Sodertalje;59.196;17.628;1;50
SWEDEN;Stockholm;59.333;18.064;1;50
SWEDEN;Taby;59.444;18.069;1;50
SWEDEN;Umea;63.829;20.258;1;50
SWEDEN;Uppsala;59.858;17.645;1;50
SWEDEN;Vasteras;59.611;16.543;1;50
SWEDEN;Vaxjo;56.877;14.808;1;200
SWITZERLAND;Basle;47.583;7.533;1;0
SWITZERLAND;Geneva;46.233;6.117;1;0
SWITZERLAND;Lugano;46;8.917;1;0
SWITZERLAND;Zurich;47.467;8.550;1;0
SYRIA;Deir Ezzor;35.283;40.183;2;0
SYRIA;Ar Raqqa;35.962;38.976;2;248
SYRIA;Aleppo;36.183;37.233;2;691
SYRIA;Damascus;33.5;36.300;2;0
SYRIA;Kameshli;37.033;41.200;2;0
SYRIA;Latheqeyah;35.528;35.766;2;0
TAIWAN;Chiayi;23.467;120.383;8;0
TAIWAN;Hualien;24.017;121.617;8;0
TAIWAN;Kaohsiung;22.567;120.350;8;0
TAIWAN;Makung;23.567;119.617;8;0
TAIWAN;Tainan;22.95;120.200;8;0
TAIWAN;Taipei;25.067;121.550;8;0
TAIWAN;Taitung;22.8;121.183;8;0
TAJIKISTAN;Dushanbe;38.537;68.780;5;800
TANZANIA;Dar Es Salaam;-6.823;39.270;3;30
TANZANIA;Dodoma;-6.167;35.750;3;0
TANZANIA;Kilimanjaro;-3.433;37.067;3;0
TANZANIA;Mtwara;-10.333;40.200;3;0
TANZANIA;Mwanza;-2.45;32.933;3;0
TANZANIA;Zanzibar;-6.217;39.217;3;0
THAILAND;Chiang Mai;18.767;98.967;7;0
THAILAND;Udon Thani;17.383;102.800;7;0
THAILAND;Hat Yai;6.933;100.400;7;0
THAILAND;Bangkok;13.917;100.617;7;0
THAILAND;Phitsanulok;16.783;100.283;7;0
THAILAND;Phuket;8.117;98.317;7;0
THAILAND;Takhli;15.283;100.300;7;0
THAILAND;Utapao;12.683;101.017;7;0
TOGO;Lome;6.138;1.213;0;10
TUNISIA;Bizerte;35.036;9.474;1;50
TUNISIA;Gabes;33.874;10.861;1;20
TUNISIA;Gafsa;37.279;9.863;1;310
TUNISIA;Hammamet;33.867;10.096;1;20
TUNISIA;Hawmet Assuq;34.431;8.780;1;10
TUNISIA;Jarjis;36.401;10.616;1;20
TUNISIA;Kasserine;33.503;11.089;1;700
TUNISIA;Mahdiya;35.165;8.831;1;10
TUNISIA;Monastir;35.505;11.047;1;30
TUNISIA;Napuel;35.771;10.814;1;20
TUNISIA;Qayrawan;36.454;10.734;1;70
TUNISIA;Sfax;35.677;10.093;1;30
TUNISIA;Sidi Bouzid;34.768;10.737;1;340
TUNISIA;Sousse;35.826;10.612;1;50
TUNISIA;Tabarqa;36.951;8.752;1;70
TUNISIA;Tozeur;33.924;8.130;1;50
TUNISIA;Tunis;36.818;10.167;1;25
TURKEY;Adana;36.983;35.283;2;0
TURKEY;Ankara;39.921;32.854;2;900
TURKEY;Antalya;36.9;30.783;2;0
TURKEY;Balikesir;39.617;27.933;2;0
TURKEY;Dalaman;36.717;28.800;2;0
TURKEY;Diyarbakir;37.9;40.200;2;0
TURKEY;Erzurum;39.95;41.167;2;0
TURKEY;Gaziantep;36.95;37.483;2;0
TURKEY;Istanbul;40.983;28.817;2;0
TURKEY;Izmir;38.283;27.167;2;0
TURKEY;Kayseri;38.7;35.517;2;0
TURKEY;Konya;37.983;32.567;2;0
TURKEY;Malatya;38.35;38.250;2;0
TURKEY;Sivas;39.817;36.900;2;0
TURKEY;Van;38.467;43.333;2;0
TURKMENISTAN;Ashgabat;37.95;58.381;5;250
UAE (AD);Abu Dhabi;24.459;54.301;4;230
UAE (AD);Ain;24.203;55.568;4;287
UAE (AD);Al Sala;24.021;51.762;4;120
UAE (AD);Arzena;24.793;52.560;4;111
UAE (AD);Asab;23.303;54.219;4;206
UAE (AD);Bida Mutawaah;23.784;52.566;4;138
UAE (AD);Bu Hasa;23.533;53.300;4;196
UAE (AD);Dabaeyeh;24.293;54.092;4;77
UAE (AD);Das;25.159;52.872;4;94
UAE (AD);Dilma;24.518;52.309;4;147
UAE (AD);Gafay;24.584;51.723;4;81
UAE (AD);Ghagha;24.414;51.541;4;82
UAE (AD);Ghiyathi;23.836;52.808;4;147
UAE (AD);Ghweafat;24.126;51.616;4;124
UAE (AD);Gooa;23.469;55.304;4;191
UAE (AD);Hafit;24.059;55.778;4;1023
UAE (AD);Hamim;22.967;54.300;4;212
UAE (AD);Hear;24.585;55.739;4;378
UAE (AD);Jabal Dhannah;24.166;52.603;4;159
UAE (AD);Khatam;24.199;54.966;4;165
UAE (AD);Madinat Zayed;23.645;53.621;4;191
UAE (AD);Mafraq;24.288;54.553;4;81
UAE (AD);Marfa;24.092;53.493;4;121
UAE (AD);Mizyad;24.075;55.820;4;393
UAE (AD);Mkhearez;22.937;52.881;4;196
UAE (AD);Musaffah;24.367;54.472;4;0
UAE (AD);Mzearaah;23.132;53.768;4;245
UAE (AD);Ruweas;24.082;52.655;4;117
UAE (AD);Shahamah;24.62;54.619;4;76
UAE (AD);Shweab;24.734;55.778;4;363
UAE (AD);Sir Bani Yas;24.324;52.597;4;200
UAE (AD);Sweahan;24.463;55.341;4;236
UAE (AD);Taref;24.054;53.766;4;91
UAE (AD);Umm Hisn;23.006;53.427;4;193
UAE (AD);Umm Zmool;22.717;55.137;4;186
UAE (AD);Wegen;23.643;55.460;4;229
UAE (AD);Yahar;24.206;55.275;4;233
UAE (AD);Zirkowa;24.886;53.069;4;207
UAE (AJM);Ajman;25.393;55.428;4;77
UAE (AJM);Masfut;24.81;56.109;4;461
UAE (DUB);Dubai;25.26;55.271;4;78
UAE (DUB);Hatta;24.798;56.116;4;430
UAE (DUB);Jabal Ali;25.016;55.050;4;81
UAE (FUJ);Agga;25.501;56.356;4;150
UAE (FUJ);Bidya;25.432;56.341;4;150
UAE (FUJ);Bithna;25.191;56.232;4;241
UAE (FUJ);Diba;25.603;56.300;4;150
UAE (FUJ);Fujearah;25.141;56.314;4;150
UAE (FUJ);Habhab;25.596;56.001;4;92
UAE (FUJ);Masafi;25.3;56.166;4;502
UAE (FUJ);Qidfa;25.283;56.348;4;150
UAE (FUJ);Siji;25.248;56.078;4;328
UAE (FUJ);Tweyyeen;25.514;56.070;4;247
UAE (RAK);Athen;25.453;56.003;4;217
UAE (RAK);Hwealat;24.876;56.173;4;299
UAE (RAK);Masafi;25.305;56.168;4;540
UAE (RAK);Mneay;24.948;56.146;4;332
UAE (RAK);Rasel Kheamah;25.811;55.951;4;150
UAE (RAK);Shaam;26.024;56.087;4;160
UAE (RAK);Shoakah;25.098;56.027;4;329
UAE (RAK);Tonb Alkubra;26.271;55.300;4;106
UAE (SHJ);Abu Musa;25.884;55.033;4;113
UAE (SHJ);Dhead;25.282;55.890;4;196
UAE (SHJ);Diba;25.617;56.267;4;92
UAE (SHJ);Kalba;25.073;56.358;4;99
UAE (SHJ);Khour Fakkan;25.341;56.342;4;107
UAE (SHJ);Sharjah;25.333;55.363;4;78
UAE (SHJ);Sir Bo Nair;25.234;54.218;4;126
UAE (UMQ);Ummel Quwean;25.556;55.543;4;79
UGANDA;Entebbe;0.05;32.433;3;0
UK;Birmingham;52.483;-1.894;0;200
UK;Bradford;53.794;-1.753;0;150
UK;Bristol;51.455;-2.592;0;100
UK;Coventry;52.406;-1.513;0;100
UK;Derby;52.922;-1.476;0;100
UK;Hull;53.744;-0.333;0;50
UK;Leeds;53.8;-1.549;0;50
UK;Leicester;52.635;-1.130;0;100
UK;Liverpool;53.411;-2.978;0;50
UK;London;51.5;-0.126;0;50
UK;Manchester;53.481;-2.234;0;100
UK;Nottingham;52.955;-1.149;0;50
UK;Plymouth;50.371;-4.143;0;150
UK;Sheffield;53.383;-1.465;0;200
UK;Stoke-on-Trent;53.027;-2.177;0;150
UK;Wolverhampton;52.586;-2.129;0;150
UKRAINE;Kryvyi Rih;47.908;33.394;2;150
UKRAINE;Cherkasy;49.434;32.072;2;150
UKRAINE;Chernigov;51.499;31.280;2;100
UKRAINE;Dnipropetrovsk;48.423;35.138;2;200
UKRAINE;Donetsk;47.988;37.762;2;150
UKRAINE;Kharkov;49.99;36.208;2;50
UKRAINE;Kherson;46.653;32.629;2;200
UKRAINE;Kiev;50.441;30.527;2;100
UKRAINE;Luhansk;48.579;39.299;2;100
UKRAINE;Lviv;49.837;24.034;2;300
UKRAINE;Makiivka;48.053;37.951;2;250
UKRAINE;Mariupol;47.111;37.596;2;50
UKRAINE;Mykolaiv;46.951;31.988;2;50
UKRAINE;Odesa;46.466;30.701;2;100
UKRAINE;Poltava;49.593;34.551;2;200
UKRAINE;Sevastopol;44.605;33.541;2;50
UKRAINE;Simferopol;44.962;34.107;2;250
UKRAINE;Sumy;50.911;34.806;2;150
UKRAINE;Vinnytsia;49.233;28.474;2;300
UKRAINE;Zaporizhzhya;47.852;35.155;2;100
URUGUAY;Montevideo;-34.833;-56.033;-3;0
USA (AK);Adak Island;51.883;-176.650;-9;0
USA (AK);Anchorage;61.167;-149.983;-9;0
USA (AK);Annette Island;55.033;-131.567;-9;0
USA (AK);Barrow;71.283;-156.767;-9;0
USA (AK);Bethel;60.783;-161.833;-9;0
USA (AK);Big Delta;64;-145.717;-9;0
USA (AK);Brooks Lake;58.6;-156.233;-9;0
USA (AK);Cape Sarichef;54.583;-164.917;-9;0
USA (AK);Cordova;60.5;-145.467;-9;0
USA (AK);Dillingham;59.05;-158.500;-9;0
USA (AK);Dolomi;55.117;-132.050;-9;0
USA (AK);Fairbanks;64.817;-147.867;-9;0
USA (AK);Galena;64.733;-156.933;-9;0
USA (AK);Homer;59.65;-151.483;-9;0
USA (AK);Juneau;58.35;-134.567;-9;0
USA (AK);Kenai;60.567;-151.250;-9;0
USA (AK);Ketchikan;55.35;-131.667;-9;0
USA (AK);King Salmon;58.683;-156.650;-9;0
USA (AK);Kodiak;57.75;-152.483;-9;0
USA (AK);Kotzebue;66.883;-162.600;-9;0
USA (AK);Mcgrath;62.967;-155.600;-9;0
USA (AK);Nome;64.517;-165.450;-9;0
USA (AK);Northway;62.967;-141.917;-9;0
USA (AK);Prudhoe Bay;70.2;-148.467;-9;0
USA (AK);Shemya;52.717;174.083;-9;0
USA (AK);Sitka;57.05;-135.367;-9;0
USA (AK);Valdez;61.133;-146.233;-9;0
USA (AK);Yakutat;59.517;-139.667;-9;0
USA (AL);Anniston;33.583;-85.850;-6;0
USA (AL);Dothan;31.317;-85.450;-6;0
USA (AL);Gadsden;33.967;-86.083;-6;0
USA (AL);Hamilton;34.133;-88.000;-6;0
USA (AL);Huntsville;34.65;-86.783;-6;0
USA (AL);Mobile;30.683;-88.233;-6;0
USA (AL);Montgomery;32.3;-86.383;-6;0
USA (AL);Muscle Shoals;34.75;-87.617;-6;0
USA (AL);Selma;32.35;-86.983;-6;0
USA (AL);Talladega;33.567;-86.050;-6;0
USA (AL);Tuscaloosa;33.217;-87.617;-6;0
USA (AR);Batesville;35.733;-91.633;-6;0
USA (AR);Blytheville;35.933;-89.833;-6;0
USA (AR);Buenos Aires;-34.567;-58.417;-6;0
USA (AR);Camden;33.617;-92.767;-6;0
USA (AR);Fort Smith;35.333;-94.367;-6;0
USA (AR);Harrison;36.267;-93.150;-6;0
USA (AR);Hot Springs;34.483;-93.100;-6;0
USA (AR);Jacksonville;34.917;-92.150;-6;0
USA (AR);Jonesboro;35.833;-90.650;-6;0
USA (AR);Little Rock;34.733;-92.233;-6;0
USA (AR);Morrilton;35.133;-92.917;-6;0
USA (AR);Pine Bluff;34.183;-91.933;-6;0
USA (AR);Resistencia;-27.45;-59.050;-6;0
USA (AR);Rio Cuarto;-33.167;-64.333;-6;0
USA (AR);Rio Grande;-53.783;-67.750;-6;0
USA (AR);San Carlos Debar.;-41.15;-71.167;-3;0
USA (AR);Texarkana;33.45;-93.983;-6;0
USA (AR);Walnut Ridge;36.133;-90.933;-6;0
USA (AZ);Casa Grande;32.95;-111.767;-7;0
USA (AZ);Cottonwood;34.733;-112.033;-7;0
USA (AZ);Douglas;31.467;-109.600;-7;0
USA (AZ);Flagstaff;35.133;-111.667;-7;0
USA (AZ);Goodyear;33.417;-112.367;-7;0
USA (AZ);Grand Canyon;35.95;-112.150;-7;0
USA (AZ);Kingman;35.25;-113.933;-7;0
USA (AZ);Lake Havasu City;34.467;-114.367;-7;0
USA (AZ);Marana;32.517;-111.333;-7;0
USA (AZ);Nogales;31.417;-110.850;-7;0
USA (AZ);Page;36.933;-111.450;-7;0
USA (AZ);Phoenix;33.533;-112.383;-7;0
USA (AZ);Prescott;34.65;-112.417;-7;0
USA (AZ);Show Low;34.267;-110.000;-7;0
USA (AZ);Sierra Vista;31.583;-110.350;-7;0
USA (AZ);St Johns;34.517;-109.383;-7;0
USA (AZ);Stamm;32.22;-111.100;-7;840
USA (AZ);Stammn;35.017;-110.733;-7;876
USA (AZ);Tucson;32.65;-114.600;-7;963
USA (AZ);Winslow;32.426;-110.935;-7;0
USA (AZ);Yuma;32.432;-110.981;-7;0
USA (CA);Alameda;37.783;-122.317;-8;0
USA (CA);Apple Valley;34.533;-117.217;-8;0
USA (CA);Arcata;40.983;-124.100;-8;0
USA (CA);Bakersfield;35.433;-119.050;-8;0
USA (CA);Bishop;37.367;-118.367;-8;0
USA (CA);Blythe;33.617;-114.717;-8;0
USA (CA);Burbank;34.2;-118.350;-8;0
USA (CA);Calexico;32.667;-115.517;-8;0
USA (CA);Chews;36.317;-121.567;-8;1500
USA (CA);Chico;39.8;-121.850;-8;0
USA (CA);Chino;33.967;-117.633;-8;0
USA (CA);Churchill Falls;53.567;-64.117;-4;0
USA (CA);Coalinga;36.167;-120.367;-8;0
USA (CA);Concord;37.983;-122.050;-8;0
USA (CA);Crescent City;41.783;-124.233;-8;0
USA (CA);Daggett;34.85;-116.783;-8;0
USA (CA);Edwards;34.9;-117.867;-8;0
USA (CA);El Centro;32.833;-115.667;-8;0
USA (CA);El Toro;33.667;-117.717;-8;0
USA (CA);Fairfield;38.267;-121.933;-8;0
USA (CA);Fresno;36.783;-119.717;-8;0
USA (CA);Hawthorne;33.917;-118.333;-8;0
USA (CA);Hayward;37.667;-122.117;-8;0
USA (CA);Hemet;33.733;-117.017;-8;0
USA (CA);Herlong;40.267;-120.150;-8;0
USA (CA);Iles De Madeleine;47.367;-61.900;-4;0
USA (CA);La Verne;34.1;-117.783;-8;0
USA (CA);Lake Tahoe;38.9;-120.000;-8;0
USA (CA);Lancaster;34.733;-118.217;-8;0
USA (CA);Lemoore;36.333;-119.950;-8;0
USA (CA);Lompoc;34.733;-120.583;-8;0
USA (CA);Long Beach;33.817;-118.150;-8;0
USA (CA);Los Angeles;34.167;-118.467;-8;0
USA (CA);Madera;36.983;-120.117;-8;0
USA (CA);Mammoth Lakes;37.633;-118.850;-8;0
USA (CA);Marysville;39.1;-121.567;-8;0
USA (CA);Merced;37.383;-120.567;-8;0
USA (CA);Modesto;37.633;-120.950;-8;0
USA (CA);Mojave;35.067;-118.150;-8;0
USA (CA);Montague;41.783;-122.467;-8;0
USA (CA);Mountain View;37.417;-122.050;-8;0
USA (CA);Napa;38.217;-122.283;-8;0
USA (CA);Needles;34.767;-114.617;-8;0
USA (CA);Oakland;37.717;-122.217;-8;0
USA (CA);Ontario;34.05;-117.600;-8;0
USA (CA);Orange County;33.683;-117.867;-8;0
USA (CA);Oroville;39.5;-121.617;-8;0
USA (CA);Oxnard;34.2;-119.200;-8;0
USA (CA);Palm Springs;33.833;-116.500;-8;0
USA (CA);Palmdale;34.633;-118.083;-8;0
USA (CA);Paso Robles;35.667;-120.633;-8;0
USA (CA);Port Hueneme;34.117;-119.117;-8;0
USA (CA);Porterville;36.033;-119.067;-8;0
USA (CA);Red Bluff;40.15;-122.250;-8;0
USA (CA);Redding;40.517;-122.300;-8;0
USA (CA);Riverside;33.95;-117.450;-8;0
USA (CA);Sacramento;38.517;-121.500;-8;0
USA (CA);Salinas;36.667;-121.600;-8;0
USA (CA);San Bernardino;34.1;-117.233;-8;0
USA (CA);San Clemente Isl;33.017;-118.583;-8;0
USA (CA);San Diego;32.7;-117.217;-8;0
USA (CA);San Francisco;37.617;-122.367;-8;0
USA (CA);San Jose;37.367;-121.933;-8;0
USA (CA);San Luis Obispo;35.233;-120.633;-8;0
USA (CA);San Rafael;38.15;-122.550;-8;0
USA (CA);Santa Barbara;34.433;-119.833;-8;0
USA (CA);Santa Maria;34.9;-120.450;-8;0
USA (CA);Santa Monica;34.017;-118.450;-8;0
USA (CA);Santa Rosa;38.517;-122.817;-8;0
USA (CA);Stockton;37.9;-121.233;-8;0
USA (CA);Thermal;33.633;-116.167;-8;0
USA (CA);Torrance;33.8;-118.333;-8;0
USA (CA);Ukiah;39.133;-123.200;-8;0
USA (CA);Victorville;34.583;-117.383;-8;0
USA (CA);Visalia;36.317;-119.400;-8;0
USA (CA);Watsonville;36.933;-121.783;-8;0
USA (CA);Willows;39.517;-122.217;-8;0
USA (CO);Alamosa;37.433;-105.867;-7;0
USA (CO);Aspen;39.217;-106.867;-7;0
USA (CO);Broomfield;39.9;-105.117;-7;0
USA (CO);Cortez;37.3;-108.633;-7;0
USA (CO);Durango;37.15;-107.750;-7;0
USA (CO);Eagle;39.65;-106.917;-7;0
USA (CO);Fort Collins;40.45;-105.017;-7;0
USA (CO);Grand Junction;39.117;-108.517;-7;0
USA (CO);Greeley;40.333;-104.617;-7;0
USA (CO);Gunnison;38.533;-106.933;-7;0
USA (CO);Hayden;40.483;-107.217;-7;0
USA (CO);Lamar;38.067;-102.683;-7;0
USA (CO);Leadville;39.217;-106.317;-7;0
USA (CO);Montrose;38.5;-107.900;-7;0
USA (CO);Pueblo;38.3;-104.500;-7;0
USA (CO);Rifle;39.517;-107.783;-7;0
USA (CO);Sterling;40.617;-103.267;-7;0
USA (CO);Trinidad;37.267;-104.333;-7;0
USA (CO);Boulder;40.017;-105.167;-7;0
USA (CO);Colorado Springs;38.817;-104.717;-7;0
USA (CO);Denver;39.744;-104.989;-7;1593
USA (CT);Hartford;41.733;-72.650;-5;0
USA (CT);New Haven;41.267;-72.883;-5;0
USA (CT);New London;41.333;-72.050;-5;0
USA (DE);Dover;39.133;-75.467;-5;0
USA (DE);Georgetown;38.683;-75.350;-5;0
USA (DE);Wilmington;39.683;-75.600;-5;0
USA (FL);Boca Raton;26.367;-80.117;-5;0
USA (FL);Cape Canaveral;28.467;-80.567;-5;0
USA (FL);Cocoa;28.233;-80.600;-5;0
USA (FL);Crestview;30.783;-86.517;-5;0
USA (FL);Cross City;29.633;-83.100;-5;0
USA (FL);Daytona Beach;29.183;-81.050;-5;0
USA (FL);Fort Lauderdale;26.067;-80.150;-5;0
USA (FL);Fort Myers;26.583;-81.867;-5;0
USA (FL);Fort Pierce;27.5;-80.367;-5;0
USA (FL);Gainesville;29.683;-82.283;-5;0
USA (FL);Homestead;25.483;-80.383;-5;0
USA (FL);Immokalee;26.433;-81.400;-5;0
USA (FL);Jacksonville;30.217;-81.883;-5;0
USA (FL);Key West;24.55;-81.767;-5;0
USA (FL);Marathon;24.717;-81.050;-5;0
USA (FL);Melbourne;28.1;-80.650;-5;0
USA (FL);Miami;25.8;-80.283;-5;0
USA (FL);Naples;26.15;-81.783;-5;0
USA (FL);Ocala;29.183;-82.233;-5;0
USA (FL);Orlando;28.55;-81.333;-5;0
USA (FL);Panama City;30.217;-85.683;-5;0
USA (FL);Pensacola;30.35;-87.317;-5;0
USA (FL);Sanford;28.783;-81.233;-5;0
USA (FL);Sarasota;27.4;-82.550;-5;0
USA (FL);St Petersburg;27.9;-82.683;-5;0
USA (FL);Stuart;27.183;-80.217;-5;0
USA (FL);Tallahassee;30.4;-84.350;-5;0
USA (FL);Tampa;27.967;-82.533;-5;0
USA (FL);Valparaiso;30.4;-86.833;-5;0
USA (FL);Vero Beach;27.65;-80.417;-5;0
USA (FL);West Palm Beach;26.683;-80.100;-5;0
USA (GA);Albany;31.533;-84.200;-5;0
USA (GA);Athens;33.95;-83.333;-5;0
USA (GA);Atlanta;33.783;-84.517;-5;0
USA (GA);Augusta;33.367;-81.967;-5;0
USA (GA);Brunswick;31.15;-81.383;-5;0
USA (GA);Columbus;32.517;-84.933;-5;0
USA (GA);Dalton;34.717;-84.867;-5;0
USA (GA);Macon;33.667;-85.017;-5;0
USA (GA);Marietta;33.917;-84.517;-5;0
USA (GA);Moultrie;31.067;-83.800;-5;0
USA (GA);Savannah;32.133;-81.200;-5;0
USA (GA);Statesboro;32.483;-81.733;-5;0
USA (GA);Thomasville;30.9;-83.883;-5;0
USA (GA);Valdosta;30.783;-83.283;-5;0
USA (GA);Vidalia;32.2;-82.367;-5;0
USA (HI);Hilo;19.717;-155.050;-9;0
USA (HI);Honolulu;21.317;-157.933;-9;0
USA (HI);Kahului;20.9;-156.433;-9;0
USA (HI);Kona;19.65;-156.017;-9;0
USA (IA);Burlington;40.783;-91.117;-6;0
USA (IA);Cedar Rapids;41.883;-91.700;-6;0
USA (IA);Clinton;41.833;-90.333;-6;0
USA (IA);Davenport;41.617;-90.583;-6;0
USA (IA);Des Moines;41.533;-93.650;-6;0
USA (IA);Dubuque;42.417;-90.717;-6;0
USA (IA);Fort Dodge;42.55;-94.183;-6;0
USA (IA);Iowa City;41.633;-91.550;-6;0
USA (IA);Mason City;43.15;-93.333;-6;0
USA (IA);Ottumwa;41.1;-92.450;-6;0
USA (IA);Sioux City;42.4;-96.383;-6;0
USA (IA);Spencer;43.167;-95.200;-6;0
USA (IA);Waterloo;42.55;-92.400;-6;0
USA (ID);Boise;43.567;-116.233;-7;0
USA (ID);Coeur D alene;47.783;-116.817;-7;0
USA (ID);Idaho Falls;43.517;-112.067;-7;0
USA (ID);Lewiston;46.367;-117.017;-7;0
USA (ID);Mountain Home;43.05;-115.867;-7;0
USA (ID);Pocatello;42.917;-112.600;-7;0
USA (ID);Salmon;45.117;-113.883;-7;0
USA (ID);Twin Falls;42.483;-114.483;-7;0
USA (IL);Bloomington;40.483;-88.933;-6;0
USA (IL);Carbondale;37.783;-89.250;-6;0
USA (IL);Champaign;40.033;-88.283;-6;0
USA (IL);Chicago;41.783;-87.750;-6;0
USA (IL);Danville;40.2;-87.600;-6;0
USA (IL);Decatur;39.833;-88.867;-6;0
USA (IL);Galesburg;40.933;-90.433;-6;0
USA (IL);Glenview;42.083;-87.817;-6;0
USA (IL);Kankakee;41.067;-87.850;-6;0
USA (IL);Lawrenceville;38.767;-87.600;-6;0
USA (IL);Marion;37.75;-89.017;-6;0
USA (IL);Mattoon;39.483;-88.283;-6;0
USA (IL);Moline;41.45;-90.500;-6;0
USA (IL);Mt Vernon;38.317;-88.867;-6;0
USA (IL);Peoria;40.667;-89.683;-6;0
USA (IL);Quincy;39.95;-91.200;-6;0
USA (IL);Rockford;42.2;-89.100;-6;0
USA (IL);Springfield;39.85;-89.683;-6;0
USA (IL);Sterling;41.733;-89.683;-6;0
USA (IL);Waukegan;42.417;-87.867;-6;0
USA (IN);Anderson;40.1;-85.617;-5;0
USA (IN);Bloomington;39.133;-86.617;-5;0
USA (IN);Evansville;38.033;-87.533;-5;0
USA (IN);Fort Wayne;40.983;-85.183;-5;0
USA (IN);Gary;41.617;-87.417;-5;0
USA (IN);Indianapolis;39.733;-86.283;-5;0
USA (IN);Kokomo;40.533;-86.050;-5;0
USA (IN);Lafayette;40.417;-86.933;-5;0
USA (IN);Marion;40.483;-85.683;-5;0
USA (IN);Muncie;40.233;-85.400;-5;0
USA (IN);Peru;40.65;-86.150;-5;0
USA (IN);South Bend;41.7;-86.317;-5;0
USA (IN);Terre Haute;39.45;-87.300;-5;0
USA (IN);Valparaiso;41.45;-87.000;-5;0
USA (KS);Colby;39.4;-101.050;-6;0
USA (KS);Dodge City;37.767;-99.967;-6;0
USA (KS);Emporia;38.333;-96.183;-6;0
USA (KS);Ft Leavenworth;39.367;-94.917;-6;0
USA (KS);Ft Scott;37.8;-94.767;-6;0
USA (KS);Goodland;39.367;-101.700;-6;0
USA (KS);Great Bend;38.35;-98.867;-6;0
USA (KS);Hays;38.85;-99.267;-6;0
USA (KS);Hutchinson;38.067;-97.867;-6;0
USA (KS);Independence;37.333;-95.517;-6;0
USA (KS);Liberal;37.05;-100.967;-6;0
USA (KS);Newton;38.05;-97.283;-6;0
USA (KS);Pittsburg;37.45;-94.733;-6;0
USA (KS);Salina;38.783;-97.650;-6;0
USA (KS);Topeka;38.95;-95.667;-6;0
USA (KS);Wichita;37.617;-97.267;-6;0
USA (KY);Bowling Green;36.967;-86.417;-6;0
USA (KY);Fort Knox;37.9;-85.967;-5;0
USA (KY);Frankfort;38.183;-84.900;-5;0
USA (KY);Hopkinsville;36.667;-87.500;-6;0
USA (KY);Lexington;38.033;-84.600;-5;0
USA (KY);London;37.083;-84.083;-5;0
USA (KY);Louisville;38.233;-85.667;-5;0
USA (KY);Murray;36.667;-88.367;-6;0
USA (KY);Owensboro;37.733;-87.167;-6;0
USA (KY);Paducah;37.067;-88.767;-6;0
USA (KY);Somerset;37.05;-84.617;-5;0
USA (LA);Alexandria;31.317;-92.550;-6;0
USA (LA);Baton Rouge;30.443;-91.187;-6;12
USA (LA);New Iberia;30.033;-91.883;-6;0
USA (LA);New Orleans;29.983;-90.250;-6;0
USA (LA);Shreveport;32.5;-93.667;-6;0
USA (MA);Bedford;42.467;-71.283;-5;0
USA (MA);Beverly;42.583;-70.917;-5;0
USA (MA);Boston;42.367;-71.000;-5;0
USA (MA);Chicopee Falls;42.2;-72.533;-5;0
USA (MA);Falmouth;41.65;-70.517;-5;0
USA (MA);Hyannis;41.667;-70.283;-5;0
USA (MA);Lawrence;42.717;-71.117;-5;0
USA (MA);Martha s Vineyard;41.4;-70.617;-5;0
USA (MA);New Bedford;41.683;-70.967;-5;0
USA (MA);Pittsfield;42.433;-73.300;-5;0
USA (MA);South Weymouth;42.15;-70.933;-5;0
USA (MA);Westfield;42.167;-72.717;-5;0
USA (MA);Worcester;42.267;-71.867;-5;0
USA (MD);Annapolis;38.978;-76.493;-5;9
USA (MD);Baltimore;39.183;-76.667;-5;0
USA (MD);Camp Springs;38.817;-76.867;-5;0
USA (MD);Cumberland;39.617;-78.767;-5;0
USA (MD);Hagerstown;39.7;-77.733;-5;0
USA (MD);Patuxent River;38.283;-76.417;-5;0
USA (MD);Salisbury;38.333;-75.517;-5;0
USA (MD);Washington;38.95;-77.450;-5;0
USA (ME);Augusta;44.317;-69.800;-5;0
USA (ME);Bangor;44.8;-68.833;-5;0
USA (ME);Bar Harbor;44.45;-68.367;-5;0
USA (ME);Brunswick;43.9;-69.933;-5;0
USA (ME);Houlton;46.117;-67.800;-5;0
USA (ME);Lewiston;44.05;-70.283;-5;0
USA (ME);Limestone;46.95;-67.883;-5;0
USA (ME);Millenocket;45.65;-68.700;-5;0
USA (ME);Portland;43.65;-70.300;-5;0
USA (ME);Presque Isle;46.683;-68.050;-5;0
USA (ME);Rockland;44.067;-69.100;-5;0
USA (ME);Sanford;43.4;-70.717;-5;0
USA (ME);Waterville;44.533;-69.683;-5;0
USA (MI);St. Joseph;42.094;-86.488;-5;0
USA (MI);Alma;43.317;-84.683;-5;0
USA (MI);Alpena;45.083;-83.550;-5;0
USA (MI);Battle Creek;42.317;-85.250;-5;0
USA (MI);Benton Harbor;42.133;-86.433;-5;0
USA (MI);Cadillac;44.283;-85.417;-5;0
USA (MI);Detroit;42.217;-83.350;-5;0
USA (MI);Escanaba;45.717;-87.083;-5;0
USA (MI);Flint;42.967;-83.750;-5;0
USA (MI);Gaylord;45.017;-84.700;-5;0
USA (MI);Gladwin;43.967;-84.467;-5;0
USA (MI);Grand Rapids;42.883;-85.517;-5;0
USA (MI);Hancock;47.167;-88.483;-5;0
USA (MI);Iron Mountain;45.817;-88.117;-5;0
USA (MI);Ironwood;46.533;-90.133;-5;0
USA (MI);Lansing;42.783;-84.583;-5;0
USA (MI);Ludington;43.967;-86.417;-5;0
USA (MI);Manistee;44.267;-86.250;-5;0
USA (MI);Marquette;46.35;-87.400;-5;0
USA (MI);Menominee;45.117;-87.633;-5;0
USA (MI);Mt Clemens;42.6;-82.833;-5;0
USA (MI);Muskegon;43.167;-86.233;-5;0
USA (MI);Oscoda;44.45;-83.400;-5;0
USA (MI);Pellston;45.567;-84.800;-5;0
USA (MI);Pontiac;42.667;-83.417;-5;0
USA (MI);Port Huron;42.917;-82.533;-5;0
USA (MI);Reed City;43.9;-85.517;-5;0
USA (MI);Saginaw;43.533;-84.083;-5;0
USA (MI);Sault Ste Marie;46.25;-84.467;-5;0
USA (MI);Traverse City;44.733;-85.583;-5;0
USA (MN);Alexandria;45.867;-95.400;-6;0
USA (MN);Baudette;48.717;-94.600;-6;0
USA (MN);Bemidji;47.517;-94.933;-6;0
USA (MN);Brainerd;46.4;-94.133;-6;0
USA (MN);Detroit Lakes;46.833;-95.883;-6;0
USA (MN);Duluth;46.85;-92.183;-7;0
USA (MN);Eveleth;47.433;-92.500;-6;0
USA (MN);Fairmont;43.65;-94.417;-6;0
USA (MN);Grand Rapids;47.217;-93.517;-6;0
USA (MN);Hibbing;47.383;-92.833;-6;0
USA (MN);Internat l Falls;48.567;-93.400;-6;0
USA (MN);Mankato;44.217;-93.917;-6;0
USA (MN);Marshall;44.45;-95.817;-6;0
USA (MN);Minneapolis;44.933;-93.067;-6;0
USA (MN);Owatonna;44.117;-93.250;-6;0
USA (MN);Rochester;43.917;-92.500;-6;0
USA (MN);Saint Paul;44.944;-93.093;-6;224
USA (MN);St Cloud;45.583;-94.183;-6;0
USA (MN);Thief River Falls;48.067;-96.183;-6;0
USA (MN);Willmar;45.117;-95.083;-6;0
USA (MN);Worthington;43.65;-95.583;-6;0
USA (MO);Cape Girardeau;37.217;-89.567;-6;0
USA (MO);Columbia;38.817;-92.217;-6;0
USA (MO);Fort Leonard Wood;37.733;-92.133;-6;0
USA (MO);Grandview;38.85;-94.567;-6;0
USA (MO);Jefferson City;38.6;-92.150;-6;0
USA (MO);Joplin;37.15;-94.500;-6;0
USA (MO);Kansas City;39.3;-94.733;-6;0
USA (MO);Kirksville;40.1;-92.550;-6;0
USA (MO);Lake Of Ozarks;38.1;-92.550;-6;0
USA (MO);Malden;36.6;-89.983;-6;0
USA (MO);Moberly;39.467;-92.433;-6;0
USA (MO);Nevada;37.85;-94.300;-6;0
USA (MO);Sedalia;38.7;-93.183;-6;0
USA (MO);Springfield;37.233;-93.383;-6;0
USA (MO);St Joseph;39.783;-94.917;-6;0
USA (MO);St Louis;38.75;-90.367;-6;0
USA (MO);Vichy;38.133;-91.783;-6;0
USA (MO);Warrensburg;38.733;-93.550;-6;0
USA (MS);Biloxi;30.417;-88.917;-6;0
USA (MS);Columbus;33.65;-88.450;-6;0
USA (MS);Greenville;33.483;-90.983;-6;0
USA (MS);Gulfport;30.4;-89.067;-6;0
USA (MS);Hattiesburg;31.267;-89.250;-6;0
USA (MS);Jackson;32.317;-90.083;-6;0
USA (MS);Laurel;31.467;-89.333;-6;0
USA (MS);Mccomb;31.183;-90.467;-6;0
USA (MS);Meridian;32.333;-88.750;-6;0
USA (MS);Natchez;31.617;-91.300;-6;0
USA (MS);Pascagoula;30.383;-88.500;-6;0
USA (MS);Tupelo;34.267;-88.767;-6;0
USA (MS);University;34.383;-89.533;-6;0
USA (MS);Vicksburg;32.233;-90.933;-6;0
USA (MT);Billings;45.8;-108.550;-7;0
USA (MT);Bozeman;45.783;-111.167;-7;0
USA (MT);Butte;45.95;-112.500;-7;0
USA (MT);Cut Bank;48.617;-112.383;-7;0
USA (MT);Glasgow;48.217;-106.617;-7;0
USA (MT);Glendive;47.133;-104.800;-7;0
USA (MT);Great Falls;47.483;-111.367;-7;0
USA (MT);Havre;48.55;-109.767;-7;0
USA (MT);Helena;46.6;-111.983;-7;0
USA (MT);Kalispell;48.317;-114.250;-7;0
USA (MT);Miles City;46.433;-105.883;-7;0
USA (MT);Missoula;46.917;-114.083;-7;0
USA (MT);Sidney;47.7;-104.200;-7;0
USA (MT);West Yellowstone;44.683;-111.100;-7;0
USA (MT);Wolf Point;48.1;-105.567;-7;0
USA (NC);Asheville;35.433;-82.533;-5;0
USA (NC);Charlotte;35.217;-80.933;-5;0
USA (NC);Cherry Point;34.9;-76.883;-5;0
USA (NC);Elizabeth;36.267;-76.167;-5;0
USA (NC);Fayetteville;35.167;-79.017;-5;0
USA (NC);Goldsboro;35.333;-77.967;-5;0
USA (NC);Greensboro;36.1;-79.950;-5;0
USA (NC);Greenville;35.633;-77.383;-5;0
USA (NC);Hickory;35.733;-81.383;-5;0
USA (NC);Jacksonville;34.833;-77.617;-5;0
USA (NC);Kinston;35.333;-77.617;-5;0
USA (NC);Lumberton;34.617;-79.050;-5;0
USA (NC);New Bern;35.067;-77.050;-5;0
USA (NC);Pinehurst;35.183;-79.583;-5;0
USA (NC);Raleigh;35.883;-78.783;-5;0
USA (NC);Rocky Mount;35.85;-77.883;-5;0
USA (NC);Washington;35.567;-77.050;-5;0
USA (NC);Wilmington;34.267;-77.900;-5;0
USA (NC);Winston-salem;36.133;-80.233;-5;0
USA (ND);Bismarck;46.783;-100.750;-6;0
USA (ND);Dickinson;46.8;-102.800;-7;0
USA (ND);Fargo;46.917;-96.817;-6;0
USA (ND);Grand Forks;47.95;-97.183;-6;0
USA (ND);Jamestown;46.933;-98.683;-6;0
USA (ND);Minot;48.417;-101.350;-6;0
USA (ND);Williston;48.183;-103.633;-6;0
USA (NE);Alliance;42.05;-102.800;-7;0
USA (NE);Beatrice;40.3;-96.750;-6;0
USA (NE);Chadron;42.833;-103.100;-7;0
USA (NE);Columbus;41.45;-97.350;-6;0
USA (NE);Grand Island;40.967;-98.300;-6;0
USA (NE);Hastings;40.6;-98.433;-6;0
USA (NE);Kearney;40.733;-99.000;-6;0
USA (NE);Lincoln;40.85;-96.767;-6;0
USA (NE);Mccook;40.2;-100.583;-6;0
USA (NE);Norfolk;41.983;-97.433;-6;0
USA (NE);North Platte;41.133;-100.700;-6;0
USA (NE);Ogallala;41.117;-101.767;-7;0
USA (NE);Omaha;41.3;-95.900;-6;0
USA (NE);Oneill;42.467;-98.683;-6;0
USA (NE);Scottsbluff;41.883;-103.600;-7;0
USA (NE);Sidney;41.1;-102.983;-7;0
USA (NE);Valentine;42.85;-100.550;-6;0
USA (NH);Berlin;44.567;-71.183;-5;0
USA (NH);Concord;43.2;-71.500;-5;0
USA (NH);Keene;42.9;-72.267;-5;0
USA (NH);Lebanon;43.633;-72.300;-5;0
USA (NH);Manchester;42.933;-71.433;-5;0
USA (NH);Nashua;42.783;-71.517;-5;0
USA (NH);Portsmouth;43.083;-70.817;-5;0
USA (NJ);Atlantic City;39.45;-74.583;-5;0
USA (NJ);Belmar;40.183;-74.133;-5;0
USA (NJ);Caldwell;40.883;-74.283;-5;0
USA (NJ);Cape May;39;-74.917;-5;0
USA (NJ);Fort Dix;40.017;-74.600;-5;0
USA (NJ);Lakehurst;40.033;-74.350;-5;0
USA (NJ);Millville;39.367;-75.067;-5;0
USA (NJ);Morristown;40.8;-74.417;-5;0
USA (NJ);Newark;40.7;-74.167;-5;0
USA (NJ);Teterboro;40.85;-74.067;-5;0
USA (NJ);Trenton;40.283;-74.817;-5;0
USA (NM);Alamogordo;32.85;-106.100;-7;0
USA (NM);Albuquerque;35.05;-106.600;-7;0
USA (NM);Artesia;32.85;-104.467;-7;0
USA (NM);Carlsbad;32.333;-104.267;-7;0
USA (NM);Clovis;34.383;-103.317;-7;0
USA (NM);Farmington;36.733;-108.233;-7;0
USA (NM);Gallup;35.517;-108.783;-7;0
USA (NM);Hobbs;32.683;-103.217;-7;0
USA (NM);Las Cruces;32.283;-106.917;-7;0
USA (NM);Las Vegas;35.15;-105.150;-7;0
USA (NM);Raton;36.733;-104.500;-7;0
USA (NM);Roswell;33.3;-104.533;-7;0
USA (NM);Ruidoso;33.367;-105.667;-7;0
USA (NM);Santa Fe;35.617;-106.083;-7;0
USA (NM);Silver City;32.633;-108.150;-7;0
USA (NM);Socorro;34.017;-106.900;-7;0
USA (NM);Truth Or Conseq.;33.233;-107.267;-7;0
USA (NM);Tucumcari;35.183;-103.600;-7;0
USA (NV);Carson City;39.165;-119.767;-8;1428
USA (NV);Elko;40.817;-115.783;-8;0
USA (NV);Ely;39.3;-114.850;-8;0
USA (NV);Fallon;39.5;-118.750;-8;0
USA (NV);Hawthorne;38.55;-118.633;-8;0
USA (NV);Las Vegas;36.217;-115.200;-8;0
USA (NV);Lovelock;40.067;-118.567;-8;0
USA (NV);Mercury;36.617;-116.033;-8;0
USA (NV);Reno;39.5;-119.767;-8;0
USA (NV);Tonopah;38.05;-117.083;-8;0
USA (NV);Wells;41.117;-114.917;-8;0
USA (NV);Winnemucca;40.9;-117.800;-8;0
USA (NY);Albany;42.75;-73.800;-5;0
USA (NY);Binghamton;42.2;-75.967;-5;0
USA (NY);Buffalo;42.933;-78.733;-5;0
USA (NY);Elmira;42.167;-76.900;-5;0
USA (NY);Farmingdale;40.733;-73.417;-5;0
USA (NY);Glens Falls;43.35;-73.617;-5;0
USA (NY);Islip;40.8;-73.100;-5;0
USA (NY);Ithaca;42.483;-76.450;-5;0
USA (NY);Jamestown;42.15;-79.250;-5;0
USA (NY);Massena;44.933;-74.850;-5;0
USA (NY);Monticello;41.633;-74.700;-5;0
USA (NY);Newburgh;41.5;-74.100;-5;0
USA (NY);Niagara Falls;43.1;-78.950;-5;0
USA (NY);Ogdensburg;44.683;-75.467;-5;0
USA (NY);Olean;42.233;-78.383;-5;0
USA (NY);Plattsburgh;44.65;-73.467;-5;0
USA (NY);Poughkeepsie;41.633;-73.883;-5;0
USA (NY);Rochester;43.117;-77.667;-5;0
USA (NY);Saranac Lake;44.383;-74.200;-5;0
USA (NY);Schenectady;42.85;-73.933;-5;0
USA (NY);Syracuse;43.117;-76.100;-5;0
USA (NY);Utica;43.133;-75.383;-5;0
USA (NY);Watertown;43.983;-76.017;-5;0
USA (NY);Westchester Cty;41.067;-73.700;-5;0
USA (NY);Westhampton;40.85;-72.633;-5;0
USA (OH);Akron;40.917;-81.450;-5;0
USA (OH);Cincinnati;39.1;-84.417;-5;0
USA (OH);Cleveland;41.517;-81.683;-5;0
USA (OH);Columbus;39.983;-82.883;-5;0
USA (OH);Dayton;39.583;-84.217;-5;0
USA (OH);Findlay;41.017;-83.667;-5;0
USA (OH);Hamilton;39.367;-84.533;-5;0
USA (OH);Lima;40.717;-84.033;-5;0
USA (OH);Mansfield;40.817;-82.517;-5;0
USA (OH);Middletown;39.533;-84.400;-5;0
USA (OH);Springfield;39.833;-83.833;-5;0
USA (OH);Toledo;41.583;-83.800;-5;0
USA (OH);Wapakoneta;40.5;-84.300;-5;0
USA (OH);Wilmington;39.5;-83.867;-5;0
USA (OH);Wooster;40.867;-81.883;-5;0
USA (OH);Youngstown;41.25;-80.667;-5;0
USA (OH);Zanesville;39.95;-81.900;-5;0
USA (OK);Altus;34.667;-99.267;-6;0
USA (OK);Ardmore;34.3;-97.017;-6;0
USA (OK);Bartlesville;36.767;-96.017;-6;0
USA (OK);Chickasha;35.033;-97.967;-6;0
USA (OK);Clinton;35.533;-98.933;-7;0
USA (OK);Duncan;34.467;-97.967;-6;0
USA (OK);Enid;36.333;-97.917;-6;0
USA (OK);Lawton;34.567;-98.417;-6;0
USA (OK);Mcalester;34.883;-95.783;-6;0
USA (OK);Miami;36.9;-94.883;-6;0
USA (OK);Muskogee;35.65;-95.367;-6;0
USA (OK);Norman;35.233;-97.467;-6;0
USA (OK);Oklahoma City;35.533;-97.650;-6;0
USA (OK);Ponca City;36.733;-97.100;-6;0
USA (OK);Stillwater;36.167;-97.083;-6;0
USA (OK);Tulsa;36.2;-95.883;-6;0
USA (OK);Woodward;36.433;-99.533;-6;0
USA (OR);Astoria;46.167;-123.883;-8;0
USA (OR);Baker;44.833;-117.817;-8;0
USA (OR);Bend;44.25;-121.150;-8;0
USA (OR);Burns;43.583;-118.950;-8;0
USA (OR);Corvallis;44.5;-123.283;-8;0
USA (OR);Eugene;44.117;-123.217;-8;0
USA (OR);Hillsboro;45.533;-122.950;-8;0
USA (OR);La Grande;45.283;-118.000;-8;0
USA (OR);Medford;42.367;-122.867;-8;0
USA (OR);Newport;44.583;-124.050;-8;0
USA (OR);North Bend;43.417;-124.233;-8;0
USA (OR);Ontario;44.017;-117.017;-8;0
USA (OR);Pendleton;45.7;-118.833;-8;0
USA (OR);Portland;45.583;-122.600;-8;0
USA (OR);Roseburg;43.233;-123.367;-8;0
USA (OR);Salem;44.917;-123.000;-8;0
USA (OR);The Dalles;45.617;-121.167;-8;0
USA (OR);Troutdale;45.55;-122.400;-8;0
USA (PA);Altoona;40.3;-78.317;-5;0
USA (PA);Bradford;41.8;-78.633;-5;0
USA (PA);Clearfield;40.883;-78.083;-5;0
USA (PA);Du Bois;41.183;-78.900;-5;0
USA (PA);Erie;42.083;-80.183;-5;0
USA (PA);Franklin;41.383;-79.867;-5;0
USA (PA);Harrisburg;40.26;-76.882;-5;107
USA (PA);Hazleton;40.983;-75.983;-5;0
USA (PA);Johnstown;40.317;-78.833;-5;0
USA (PA);Lancaster;40.117;-76.300;-5;0
USA (PA);Latrobe;40.283;-79.400;-5;0
USA (PA);Middletown;40.2;-76.767;-5;0
USA (PA);Philadelphia;40.083;-75.017;-5;0
USA (PA);Pittsburgh;40.5;-80.233;-5;0
USA (PA);Reading;40.383;-75.967;-5;0
USA (PA);Scranton;41.333;-75.733;-5;0
USA (PA);Williamsport;41.25;-76.917;-5;0
USA (PA);Willow Grove;40.2;-75.150;-5;0
USA (RI);Providence;41.733;-71.433;-5;0
USA (RI);Westerly;41.35;-71.800;-5;0
USA (SC);Aiken;33.65;-81.683;-5;0
USA (SC);Anderson;34.5;-82.717;-5;0
USA (SC);Charleston;32.9;-80.033;-5;0
USA (SC);Columbia;33.933;-81.117;-5;0
USA (SC);Florence;34.183;-79.717;-5;0
USA (SC);Georgetown;33.317;-79.317;-5;0
USA (SC);Greenville;34.9;-82.217;-5;0
USA (SC);Greenwood;34.25;-82.167;-5;0
USA (SC);Myrtle Beach;33.683;-78.933;-5;0
USA (SC);Orangeburg;33.467;-80.850;-5;0
USA (SC);Spartanburg;34.917;-81.950;-5;0
USA (SC);Sumter;33.967;-80.467;-5;0
USA (SD);Aberdeen;45.45;-98.433;-6;0
USA (SD);Brookings;44.3;-96.817;-6;0
USA (SD);Huron;44.383;-98.233;0;0
USA (SD);Pierre;44.383;-100.283;-6;0
USA (SD);Rapid City;44.05;-103.050;-7;0
USA (SD);Sioux Falls;43.583;-96.733;-6;0
USA (SD);Spearfish;44.483;-103.783;-7;0
USA (SD);Watertown;44.917;-97.150;-5;0
USA (TN);Bristol;36.483;-82.400;-5;0
USA (TN);Chattanooga;35.033;-85.200;-5;0
USA (TN);Clarksville;36.617;-87.417;-6;0
USA (TN);Crossville;35.95;-85.083;-6;0
USA (TN);Greenville;36.183;-82.817;-5;0
USA (TN);Jackson;35.6;-88.917;-6;0
USA (TN);Knoxville;35.817;-84.000;-5;0
USA (TN);Memphis;35.05;-89.983;-6;0
USA (TN);Nashville;36.133;-86.683;-6;0
USA (TN);Paris;36.333;-88.383;-6;0
USA (TN);Smyrna;36.017;-86.517;-6;0
USA (TN);Tullahoma;35.383;-86.250;-6;0
USA (TX);Abilene;32.417;-99.683;-6;0
USA (TX);Amarillo;35.233;-101.717;-6;0
USA (TX);Beaumont;29.95;-94.017;-6;0
USA (TX);Borger;35.7;-101.400;-6;0
USA (TX);Brownsville;25.9;-97.433;-6;0
USA (TX);Brownwood;31.8;-98.950;-6;0
USA (TX);College Station;30.583;-96.367;-7;0
USA (TX);Corpus Christi;27.7;-97.283;-6;0
USA (TX);Dallas;32.683;-96.867;-6;0
USA (TX);Dallas;32.967;-96.833;-6;0
USA (TX);Del Rio;29.367;-100.783;-6;0
USA (TX);El Paso;31.8;-106.383;-6;0
USA (TX);Fort Worth;32.767;-97.433;-6;0
USA (TX);Galveston;29.267;-94.867;-6;0
USA (TX);Greenville;33.067;-96.067;-6;0
USA (TX);Harlingen;26.233;-97.650;-6;0
USA (TX);Houston;29.65;-95.283;-6;0
USA (TX);Killeen;31.083;-97.683;-6;0
USA (TX);Laredo;27.55;-99.467;-6;0
USA (TX);Longview;32.383;-94.717;-6;0
USA (TX);Lubbock;33.667;-101.817;-6;0
USA (TX);Lufkin;31.233;-94.750;-6;0
USA (TX);Marshall;32.517;-94.300;-6;0
USA (TX);Meacham Field;32.817;-97.367;-6;0
USA (TX);Midland;31.933;-102.200;-6;0
USA (TX);Mission;26.183;-98.233;-6;0
USA (TX);Palacios;28.733;-96.250;-6;0
USA (TX);Paris;33.633;-95.450;-6;0
USA (TX);Plainview;34.167;-101.717;-6;0
USA (TX);Rockport;28.083;-97.050;-6;0
USA (TX);San Antonio;29.383;-98.583;-6;0
USA (TX);Sugar Land;29.633;-95.667;-6;0
USA (TX);Temple;31.15;-97.417;-6;0
USA (TX);Tyler;32.35;-95.400;-6;0
USA (TX);Victoria;28.85;-96.917;-6;0
USA (TX);Waco;31.617;-97.233;-6;0
USA (TX);Wichita Falls;33.983;-98.500;-6;0
USA (UT);Blanding;37.583;-109.483;-7;0
USA (UT);Brigham City;41.55;-112.067;-7;0
USA (UT);Bryce Canyon;37.7;-112.150;-7;0
USA (UT);Cedar City;37.7;-113.100;-7;0
USA (UT);Delta;39.383;-112.500;-7;0
USA (UT);Dugway;40.2;-112.933;-7;0
USA (UT);Kanab;37.017;-112.533;-7;0
USA (UT);Logan;41.783;-111.850;-7;0
USA (UT);Milford;38.433;-113.017;-7;0
USA (UT);Moab;38.767;-109.750;-7;0
USA (UT);Ogden;41.117;-111.967;-7;0
USA (UT);Price;39.617;-110.750;-7;0
USA (UT);Provo;40.217;-111.717;-7;0
USA (UT);Richfield;38.733;-112.100;-7;0
USA (UT);Salt Lake City;40.783;-111.967;-7;0
USA (UT);St George;37.1;-113.600;-7;0
USA (UT);Vernal;40.433;-109.517;-7;0
USA (UT);Wendover;40.733;-114.033;-7;0
USA (VA);Blacksburg;37.2;-80.400;-5;0
USA (VA);Charlottesville;38.133;-78.450;-5;0
USA (VA);Chincoteague;37.933;-75.467;-5;0
USA (VA);Danville;36.567;-79.333;-5;0
USA (VA);Dublin;37.133;-80.683;-5;0
USA (VA);Hampton;37.083;-76.367;-5;0
USA (VA);Hot Springs;37.95;-79.833;-5;0
USA (VA);Lynchburg;37.333;-79.200;-5;0
USA (VA);Melfa;37.65;-75.767;-5;0
USA (VA);Newport News;37.133;-76.500;-5;0
USA (VA);Norfolk;36.933;-76.283;-5;0
USA (VA);Oceana;36.817;-76.033;-5;0
USA (VA);Richmond;37.5;-77.317;-5;0
USA (VA);Roanoke;37.317;-79.983;-5;0
USA (VA);Staunton;38.267;-78.900;-5;0
USA (VA);Wise;36.983;-82.533;-5;0
USA (VT);Burlington;44.467;-73.150;-5;0
USA (VT);Montpelier;44.2;-72.567;-5;0
USA (VT);Rutland;43.533;-72.950;-5;0
USA (VT);Springfield;43.333;-72.517;-5;0
USA (WA);Bellingham;48.8;-122.533;-8;0
USA (WA);Bremerton;47.483;-122.767;-8;0
USA (WA);Chehalis;46.667;-122.983;-8;0
USA (WA);Ellensburg;47.033;-120.533;-8;0
USA (WA);Everett;47.917;-122.283;-8;0
USA (WA);Moses Lake;47.2;-119.317;-8;0
USA (WA);Olympia;46.967;-122.900;-8;0
USA (WA);Port Angeles;48.117;-123.500;-8;0
USA (WA);Renton;47.5;-122.217;-8;0
USA (WA);Seattle;47.45;-122.300;-8;0
USA (WA);Shelton;47.233;-123.133;-8;0
USA (WA);Spokane;47.617;-117.650;-8;0
USA (WA);Tacoma;47.133;-122.483;-8;0
USA (WA);Walla Walla;46.1;-118.283;-8;0
USA (WA);Wenatchee;47.4;-120.200;-8;0
USA (WA);Whidbey Island;48.35;-122.650;-8;0
USA (WA);Yakima;46.567;-120.533;-8;0
USA (WI);Appleton;44.25;-88.517;-6;0
USA (WI);Ashland;46.55;-90.917;-6;0
USA (WI);Camp Douglas;43.933;-90.267;-6;0
USA (WI);Eau Claire;44.867;-91.483;-6;0
USA (WI);Fond Du Lac;43.767;-88.483;-6;0
USA (WI);Green Bay;44.483;-88.133;-6;0
USA (WI);Janesvlle;42.617;-89.033;-6;0
USA (WI);Kenosha;42.6;-87.917;-6;0
USA (WI);La Crosse;43.883;-91.250;-6;0
USA (WI);Madison;43.15;-89.333;-6;0
USA (WI);Manitowoc;44.133;-87.683;-6;0
USA (WI);Marshfield;44.633;-90.183;-6;0
USA (WI);Milwaukee;42.95;-87.900;-6;0
USA (WI);Minocqua;45.917;-89.733;-6;0
USA (WI);Oshkosh;43.983;-88.550;-6;0
USA (WI);Racine;42.75;-87.817;-6;0
USA (WI);Rhinelander;45.633;-89.450;-6;0
USA (WI);Sheboygan;43.767;-87.850;-6;0
USA (WI);Stevens Point;44.55;-89.533;-6;0
USA (WI);Sturgeon Bay;44.85;-87.417;-6;0
USA (WI);Waukesha;43.033;-88.233;-6;0
USA (WI);Wausau;44.917;-89.617;-6;0
USA (WI);Wisconsin Rapids;44.367;-89.833;-6;0
USA (WV);Beckley;37.783;-81.117;-5;0
USA (WV);Charleston;38.367;-81.600;-5;0
USA (WV);Clarksburg;39.3;-80.233;-5;0
USA (WV);Elkins;38.883;-79.850;-5;0
USA (WV);Greenbrier;37.867;-80.400;-5;0
USA (WV);Huntington;38.367;-82.550;-5;0
USA (WV);Martinsburg;39.4;-77.983;-5;0
USA (WV);Morgantown;39.65;-79.917;-5;0
USA (WV);Parkersburg;39.35;-81.433;-5;0
USA (WV);Princeton;37.3;-81.200;-5;0
USA (WV);Wheeling;40.167;-80.650;-5;0
USA (WY);Buffalo;44.383;-106.717;-7;0
USA (WY);Casper;42.917;-106.467;-7;0
USA (WY);Cheyenne;41.15;-104.817;-7;0
USA (WY);Cody;44.517;-109.033;-7;0
USA (WY);Evanston;41.35;-111.000;-7;0
USA (WY);Fort Bridger;41.4;-110.400;-7;0
USA (WY);Gillette;44.35;-105.533;-7;0
USA (WY);Greybull;44.517;-108.083;-7;0
USA (WY);Jackson;43.6;-110.733;-7;0
USA (WY);Kemmerer;41.833;-110.567;-7;0
USA (WY);Lander;42.817;-108.733;-7;0
USA (WY);Laramie;41.317;-105.667;-7;0
USA (WY);Powell;44.867;-108.783;-7;0
USA (WY);Rawlins;41.8;-107.200;-7;0
USA (WY);Riverton;43.067;-108.450;-7;0
USA (WY);Rock Springs;41.6;-109.067;-7;0
USA (WY);Saratoga;41.45;-106.817;-7;0
USA (WY);Sheridan;44.767;-106.983;-7;0
USA (WY);Worland;43.967;-107.950;-7;0
UZBEKISTAN;Tashkent;41.266;69.216;5;429
VENEZUELA;Las Piedras;11.783;-70.150;-4;0
VENEZUELA;Barcelona;10.117;-64.683;-4;0
VENEZUELA;Barquisimeto;10.05;-69.350;-4;0
VENEZUELA;Caracas;10.6;-66.983;-4;0
VENEZUELA;Coro;11.417;-69.683;-4;0
VENEZUELA;Maracaibo;10.567;-71.733;-4;0
VENEZUELA;Maracay;10.25;-67.600;-4;0
VENEZUELA;Maturin;9.75;-63.150;-4;0
VENEZUELA;Porlamar;10.967;-63.833;-4;0
VIETNAM;Ho Chi Minh City;10.817;106.650;7;0
VIETNAM;Hanoi;21.033;105.883;7;0
YEMEN;Bayl Al Faqih;14.516;43.322;3;60
YEMEN;Dhi Sufal;13.837;44.111;3;2250
YEMEN;Adan;12.784;44.991;3;190
YEMEN;Amran;15.659;43.940;3;2000
YEMEN;Bajil;15.058;43.279;3;150
YEMEN;Bayda;13.988;45.570;3;2430
YEMEN;Dhamar;14.544;44.393;3;1910
YEMEN;Hajjah;15.694;43.599;3;1700
YEMEN;Hodeida;14.808;42.936;3;20
YEMEN;Ib;13.97;44.154;3;1960
YEMEN;Jaar;13.225;45.304;3;75
YEMEN;Lahij;13.058;44.879;3;140
YEMEN;Marawia;14.831;43.153;3;80
YEMEN;Marib;15.463;45.320;3;1100
YEMEN;Mukalla;14.536;49.114;3;40
YEMEN;Radaa;14.416;44.829;3;2140
YEMEN;Sahar;15.316;44.308;3;2375
YEMEN;Sana;15.358;44.175;3;2290
YEMEN;Sayyan;15.173;44.324;3;2500
YEMEN;Shahar;14.756;49.595;3;20
YEMEN;Sumara;14.184;44.276;3;2972
YEMEN;Taiz;13.57;43.995;3;1450
YEMEN;Yarim;14.298;44.375;3;2650
YEMEN;Zabid;14.195;43.313;3;110
YUGOSLAVIA;Belgrade;44.817;20.317;1;0
YUGOSLAVIA;Dubrovnik;42.567;18.267;1;0
ZAIRE;Mbuji Mayi;-6.117;23.567;1;0
ZAIRE;Gemena;3.233;19.767;1;0
ZAIRE;Goma;-1.667;29.233;1;0
ZAIRE;Isiro;2.783;27.633;1;0
ZAIRE;Kamina;-8.633;25.250;1;0
ZAIRE;Kindu;-2.917;25.917;1;0
ZAIRE;Kinshasa;-4.383;15.450;1;0
ZAIRE;Kisangani;0.517;25.150;1;0
ZAIRE;Lubumbashi;-11.583;27.533;1;0
ZAIRE;Mbandaka;0.017;18.300;1;0
ZAMBIA;Livingstone;-17.817;25.817;2;0
ZAMBIA;Lusaka;-15.333;28.450;2;0
ZAMBIA;Ndola;-13;28.667;2;0
ZIMBABWE;Bulawayo;-20.017;28.617;2;0
